Design Study 1,,,,,,,,,,,,,,,,,,,,,,,,,,,,,,,,,,,,,,,,,,,,,,,,,,,,,,,,,,,,,,,,,,,,,,,,,,,,,,,,,,,,,,,,,,,,,,,,,,,,,,,,,,,,,,,,,,,,,,,,,,,,,,,,,,,,,,,,,,,,,,,,,,,,,,,,,,,,,,,,,,,,,,,,,,,,,,,,,,,,,,,,,,,,,,,,,,,,,,,,,,,,,,,,,,,,,,,,,,,,,,,,,,,,,,,,,,,,,,,,,,,,,,,,,,,,,,,,,,,,,,,,,,,,,,,,,,,,,,,,,,,,,,,,,,,,,,,,,,,,,
Scenarios/Iterations:,164,,,,,,,,,,,,,,,,,,,,,,,,,,,,,,,,,,,,,,,,,,,,,,,,,,,,,,,,,,,,,,,,,,,,,,,,,,,,,,,,,,,,,,,,,,,,,,,,,,,,,,,,,,,,,,,,,,,,,,,,,,,,,,,,,,,,,,,,,,,,,,,,,,,,,,,,,,,,,,,,,,,,,,,,,,,,,,,,,,,,,,,,,,,,,,,,,,,,,,,,,,,,,,,,,,,,,,,,,,,,,,,,,,,,,,,,,,,,,,,,,,,,,,,,,,,,,,,,,,,,,,,,,,,,,,,,,,,,,,,,,,,,,,,,,,,,,,,,,,,,
Parameter Constraint or Goal,Format,Unit,Initial Value,Scenario 1,Scenario 2,Scenario 3,Scenario 4,Scenario 5,Scenario 6,Scenario 7,Scenario 8,Scenario 9,Scenario 10,Scenario 11,Scenario 12,Scenario 13,Scenario 14,Scenario 15,Scenario 16,Scenario 17,Scenario 18,Scenario 19,Scenario 20,Scenario 21,Scenario 22,Scenario 23,Scenario 24,Scenario 25,Scenario 26,Scenario 27,Scenario 28,Scenario 29,Scenario 30,Scenario 31,Scenario 32,Scenario 33,Scenario 34,Scenario 35,Scenario 36,Scenario 37,Scenario 38,Scenario 39,Scenario 40,Scenario 41,Scenario 42,Scenario 43,Scenario 44,Scenario 45,Scenario 46,Scenario 47,Scenario 48,Scenario 49,Scenario 50,Scenario 51,Scenario 52,Scenario 53,Scenario 54,Scenario 55,Scenario 56,Scenario 57,Scenario 58,Scenario 59,Scenario 60,Scenario 61,Scenario 62,Scenario 63,Scenario 64,Scenario 65,Scenario 66,Scenario 67,Scenario 68,Scenario 69,Scenario 70,Scenario 71,Scenario 72,Scenario 73,Scenario 74,Scenario 75,Scenario 76,Scenario 77,Scenario 78,Scenario 79,Scenario 80,Scenario 81,Scenario 82,Scenario 83,Scenario 84,Scenario 85,Scenario 86,Scenario 87,Scenario 88,Scenario 89,Scenario 90,Scenario 91,Scenario 92,Scenario 93,Scenario 94,Scenario 95,Scenario 96,Scenario 97,Scenario 98,Scenario 99,Scenario 100,Scenario 101,Scenario 102,Scenario 103,Scenario 104,Scenario 105,Scenario 106,Scenario 107,Scenario 108,Scenario 109,Scenario 110,Scenario 111,Scenario 112,Scenario 113,Scenario 114,Scenario 115,Scenario 116,Scenario 117,Scenario 118,Scenario 119,Scenario 120,Scenario 121,Scenario 122,Scenario 123,Scenario 124,Scenario 125,Scenario 126,Scenario 127,Scenario 128,Scenario 129,Scenario 130,Scenario 131,Scenario 132,Scenario 133,Scenario 134,Scenario 135,Scenario 136,Scenario 137,Scenario 138,Scenario 139,Scenario 140,Scenario 141,Scenario 142,Scenario 143,Scenario 144,Scenario 145,Scenario 146,Scenario 147,Scenario 148,Scenario 149,Scenario 150,Scenario 151,Scenario 152,Scenario 153,Scenario 154,Scenario 155,Scenario 156,Scenario 157,Scenario 158,Scenario 159,Scenario 160,Scenario 161,Scenario 162,Scenario 163,Scenario 164,,,,,,,,,,,,,,,,,,,,,,,,,,,,,,,,,,,,,,,,,,,,,,,,,,,,,,,,,,,,,,,,,,,,,,,,,,,,,,,,,,,,,,,,,,,,,,,,,,,,,,,,,,,,,,,,,,,,,,,,,,,,,,,,,,,,,,
,,,,Calculated,Calculated,Calculated,Calculated,Calculated,Calculated,Calculated,Calculated,Calculated,Calculated,Calculated,Calculated,Calculated,Calculated,Calculated,Calculated,Calculated,Calculated,Calculated,Calculated,Calculated,Calculated,Calculated,Calculated,Calculated,Calculated,Calculated,Calculated,Calculated,Calculated,Calculated,Calculated,Calculated,Calculated,Calculated,Calculated,Calculated,Calculated,Calculated,Calculated,Calculated,Estimated,Calculated,Calculated,Calculated,Calculated,Calculated,Calculated,Calculated,Calculated,Calculated,Calculated,Calculated,Calculated,Calculated,Calculated,Calculated,Calculated,Calculated,Calculated,Calculated,Calculated,Calculated,Calculated,Calculated,Calculated,Calculated,Calculated,Calculated,Calculated,Calculated,Calculated,Calculated,Calculated,Calculated,Calculated,Calculated,Calculated,Calculated,Calculated,Calculated,Calculated,Calculated,Estimated,Calculated,Calculated,Calculated,Calculated,Calculated,Calculated,Calculated,Calculated,Calculated,Calculated,Calculated,Calculated,Calculated,Calculated,Calculated,Calculated,Calculated,Calculated,Calculated,Calculated,Calculated,Calculated,Calculated,Calculated,Calculated,Calculated,Calculated,Calculated,Calculated,Calculated,Calculated,Calculated,Calculated,Calculated,Calculated,Calculated,Calculated,Calculated,Calculated,Calculated,Calculated,Calculated,Calculated,Calculated,Calculated,Calculated,Calculated,Calculated,Calculated,Calculated,Calculated,Calculated,Calculated,Calculated,Calculated,Calculated,Calculated,Calculated,Calculated,Calculated,Calculated,Calculated,Calculated,Calculated,Calculated,Calculated,Calculated,Calculated,Calculated,Calculated,Calculated,Calculated,Calculated,Calculated,Calculated,Estimated,Calculated,Calculated,Calculated,Calculated,,,,,,,,,,,,,,,,,,,,,,,,,,,,,,,,,,,,,,,,,,,,,,,,,,,,,,,,,,,,,,,,,,,,,,,,,,,,,,,,,,,,,,,,,,,,,,,,,,,,,,,,,,,,,,,,,,,,,,,,,,,,,,,,,,,,,,
CS Length,,N/A,0.396183,0.447587,0.379839,0.419825,0.418633,0.438917,0.375778,0.396146,0.394542,0.439634,0.422004,0.386623,0.398506,0.442221,0.39744,0.451658,0.43875,0.462378,0.432228,0.408651,0.388576,0.423578,0.449056,0.416548,0.310108,0.303911,0.432558,0.436303,0.428837,0.345876,0.379217,0.420362,0.354342,0.356525,0.449344,0.427249,0.450231,0.387543,0.365652,0.439994,0.345343,0.374872,0.347022,0.446341,0.426714,0.347903,0.39417,0.393122,0.41437,0.410523,0.354141,0.440165,0.412243,0.361091,0.333143,0.433946,0.394393,0.37845,0.430536,0.324974,0.413463,0.394236,0.394774,0.312342,0.459379,0.43914,0.396405,0.389635,0.44548,0.389518,0.376209,0.455005,0.415013,0.426541,0.369266,0.410366,0.388215,0.446568,0.416437,0.356485,0.323636,0.412706,0.362048,0.393885,0.479797,0.45243,0.35854,0.353982,0.397689,0.365851,0.422892,0.447445,0.460603,0.423368,0.406041,0.395087,0.40204,0.356471,0.421856,0.40712,0.39476,0.414827,0.308783,0.410114,0.398099,0.435251,0.349498,0.432491,0.465299,0.416834,0.464069,0.400796,0.437774,0.370167,0.435475,0.349163,0.369196,0.391938,0.411131,0.38662,0.42631,0.37787,0.389444,0.32976,0.399445,0.349791,0.404619,0.348665,0.401761,0.434491,0.404098,0.359489,0.460827,0.409928,0.368445,0.414211,0.390054,0.345079,0.347744,0.424294,0.457444,0.340052,0.343282,0.432511,0.313883,0.427086,0.409881,0.449366,0.454935,0.398438,0.399599,0.450567,0.340103,0.422474,0.397494,0.381655,0.409194,0.337225,0.347015,0.384016,0.395325,0.410888,0.436437,0.434723,0.421508,,,,,,,,,,,,,,,,,,,,,,,,,,,,,,,,,,,,,,,,,,,,,,,,,,,,,,,,,,,,,,,,,,,,,,,,,,,,,,,,,,,,,,,,,,,,,,,,,,,,,,,,,,,,,,,,,,,,,,,,,,,,,,,,,,,,,,
BB Drop,,N/A,0.013723,0.05838,0.010286,0.042064,0.07028,0.055455,0.084531,0.108429,0.028008,0.052249,0.069567,0.062602,0.11461,0.028415,0.115917,0.061847,0.059165,0.062956,-0.003503,0.024641,0.035438,0.014198,0.053187,0.050498,0.129117,0.075638,0.047735,0.063853,0.022883,0.066555,0.056944,0.065275,0.025004,0.061601,0.076941,0.098996,0.051127,0.077359,0.016026,0.062728,0.081661,0.066213,0.07729,0.053368,0.033208,0.070555,0.081989,-0.00215,0.066507,0.049282,0.0555,0.062478,0.030254,0.048737,0.075337,0.050371,0.071807,0.109658,0.059857,0.097799,0.112078,0.056491,0.097301,0.100915,0.0623,0.024552,0.065257,0.075162,0.056296,0.089048,0.060224,0.067769,0.084022,0.045827,0.054538,0.078932,0.058173,0.073122,0.060296,0.073383,0.142174,0.087979,0.070044,0.036954,0.065189,0.062554,0.062062,-0.026258,0.057823,0.06512,0.05593,0.064547,0.06058,0.052083,0.066791,0.072733,0.056023,0.10577,0.082351,0.050775,0.060767,0.049724,0.040151,0.019582,0.10187,0.076688,0.129138,0.049048,0.05014,0.072497,0.041914,0.094743,0.059718,0.050208,0.051418,0.132677,0.022802,0.022216,0.030389,0.101121,0.065573,0.072951,0.072465,0.030946,0.068839,0.119473,0.053449,0.111708,0.068945,0.047527,0.064801,0.076092,0.040646,0.059927,-0.005089,0.104537,0.041821,0.016162,0.091803,0.097329,0.061274,0.02858,0.084526,0.068026,0.117899,0.04313,0.048283,0.057145,0.070747,0.053214,0.042307,0.056648,0.101506,0.079386,0.067326,0.042673,0.008358,0.092573,0.05034,0.104717,0.049201,0.083603,0.085148,0.033506,0.051975,,,,,,,,,,,,,,,,,,,,,,,,,,,,,,,,,,,,,,,,,,,,,,,,,,,,,,,,,,,,,,,,,,,,,,,,,,,,,,,,,,,,,,,,,,,,,,,,,,,,,,,,,,,,,,,,,,,,,,,,,,,,,,,,,,,,,,
Stack,,m,0.56105,0.5782,0.55657,0.56839,0.56425,0.57024,0.55232,0.55858,0.55961,0.57211,0.56945,0.55606,0.55594,0.58167,0.55632,0.58013,0.57305,0.5803,0.58572,0.56961,0.55282,0.58396,0.57817,0.56474,0.52509,0.52644,0.5729,0.56754,0.57673,0.54587,0.55922,0.56259,0.54859,0.54593,0.57417,0.56406,0.57643,0.54946,0.55823,0.57477,0.54044,0.54883,0.5337,0.58276,0.57648,0.53873,0.55654,0.5694,0.56202,0.56497,0.55453,0.56675,0.57433,0.55101,0.54128,0.56992,0.55247,0.54678,0.57381,0.5328,0.56084,0.55541,0.55588,0.53027,0.57617,0.57978,0.55567,0.56122,0.57405,0.55115,0.54684,0.57369,0.5631,0.57323,0.55344,0.56066,0.54953,0.57386,0.5623,0.55054,0.52548,0.56205,0.54848,0.56116,0.58217,0.57521,0.54119,0.57897,0.56598,0.55066,0.56566,0.57218,0.57737,0.56486,0.55995,0.56199,0.55887,0.5404,0.56639,0.55709,0.55818,0.57304,0.53836,0.58087,0.55534,0.56485,0.54381,0.56781,0.58128,0.56217,0.58353,0.55855,0.56537,0.55356,0.57368,0.53426,0.55346,0.55976,0.57343,0.54889,0.5561,0.54496,0.54821,0.54341,0.55663,0.53459,0.56724,0.53868,0.56516,0.56625,0.5603,0.54122,0.5856,0.56253,0.56384,0.56412,0.55557,0.55667,0.53856,0.56263,0.57618,0.55496,0.53936,0.57297,0.52607,0.57717,0.56405,0.57616,0.57683,0.56781,0.57061,0.5792,0.54105,0.56595,0.54748,0.55027,0.5755,0.53219,0.54526,0.54499,0.55858,0.56086,0.56988,0.57447,0.55932,,,,,,,,,,,,,,,,,,,,,,,,,,,,,,,,,,,,,,,,,,,,,,,,,,,,,,,,,,,,,,,,,,,,,,,,,,,,,,,,,,,,,,,,,,,,,,,,,,,,,,,,,,,,,,,,,,,,,,,,,,,,,,,,,,,,,,
SS E,,N/A,0.017959,0.057717,0.062583,0.048889,0.064048,0.060089,0.088525,0.071974,0.05669,0.061661,0.074446,0.107013,0.070843,0.040844,0.084635,0.04751,0.05559,0.049129,0.036901,0.066311,0.07982,0.050242,0.046754,0.077603,0.139607,0.163179,0.04709,0.052509,0.04916,0.118723,0.11625,0.068538,0.116255,0.125511,0.049698,0.076097,0.06072,0.107542,0.107999,0.056029,0.172396,0.104976,0.132886,0.059903,0.055202,0.125736,0.074847,0.047034,0.067507,0.084719,0.150293,0.053766,0.064619,0.129025,0.125571,0.059401,0.078355,0.096433,0.067025,0.144051,0.062986,0.101715,0.087937,0.15485,0.043335,0.042896,0.081793,0.078319,0.055767,0.086358,0.101404,0.038855,0.085888,0.057472,0.121303,0.073712,0.073973,0.044327,0.072359,0.144808,0.126041,0.07454,0.156405,0.081636,0.03903,0.046452,0.136001,0.109546,0.101359,0.10467,0.06702,0.046015,0.045037,0.069719,0.093723,0.106017,0.087027,0.100456,0.077456,0.08257,0.07977,0.090648,0.191168,0.064753,0.095657,0.056798,0.107237,0.070669,0.055255,0.066486,0.042684,0.081259,0.055352,0.122895,0.063757,0.137575,0.100661,0.059762,0.065336,0.091592,0.086691,0.094476,0.100571,0.169521,0.098119,0.150733,0.08853,0.110653,0.105825,0.079196,0.069813,0.116744,0.060228,0.069595,0.081541,0.063665,0.10535,0.144572,0.129186,0.08214,0.04634,0.157157,0.118569,0.068924,0.20315,0.070105,0.069945,0.048398,0.048172,0.099404,0.103135,0.058018,0.108993,0.07863,0.113392,0.082216,0.055943,0.131266,0.151981,0.089258,0.09625,0.074137,0.064939,0.047405,0.089278,,,,,,,,,,,,,,,,,,,,,,,,,,,,,,,,,,,,,,,,,,,,,,,,,,,,,,,,,,,,,,,,,,,,,,,,,,,,,,,,,,,,,,,,,,,,,,,,,,,,,,,,,,,,,,,,,,,,,,,,,,,,,,,,,,,,,,
ST Angle,,N/A,1.23186,1.253124,1.283342,1.266912,1.285347,1.249446,1.31807,1.303272,1.288993,1.252229,1.284242,1.315045,1.308548,1.239036,1.312433,1.25208,1.265031,1.245029,1.22688,1.272456,1.309147,1.24563,1.251374,1.271025,1.391522,1.377608,1.258982,1.262285,1.249784,1.333138,1.308666,1.282225,1.322979,1.332342,1.264209,1.294856,1.239884,1.33262,1.31124,1.260485,1.375972,1.314268,1.347552,1.251637,1.258158,1.329209,1.30136,1.258111,1.294171,1.279657,1.325316,1.25847,1.267333,1.327094,1.346777,1.262858,1.314346,1.331794,1.272875,1.377959,1.295481,1.299944,1.31535,1.388799,1.24535,1.240482,1.305165,1.296986,1.24994,1.320435,1.320502,1.249657,1.301373,1.26865,1.322678,1.29852,1.312156,1.256024,1.283225,1.342208,1.382583,1.295443,1.355969,1.291888,1.231032,1.252806,1.324499,1.270709,1.292701,1.320418,1.272858,1.257727,1.245905,1.264454,1.30674,1.309386,1.287195,1.34492,1.292322,1.289088,1.28969,1.271773,1.368482,1.258348,1.321794,1.271318,1.347857,1.252859,1.225879,1.287942,1.230594,1.305986,1.251594,1.315742,1.258998,1.379999,1.309884,1.284317,1.268825,1.32656,1.285178,1.330851,1.310427,1.362552,1.314488,1.383258,1.282797,1.352961,1.303426,1.249349,1.280427,1.343555,1.224232,1.281225,1.27726,1.28912,1.315308,1.311791,1.360118,1.303845,1.240495,1.344333,1.349288,1.277007,1.422156,1.259346,1.28504,1.254635,1.256874,1.292959,1.279797,1.248133,1.34867,1.293014,1.306075,1.307438,1.255073,1.366831,1.32598,1.335026,1.283401,1.298528,1.278981,1.249644,1.263619,,,,,,,,,,,,,,,,,,,,,,,,,,,,,,,,,,,,,,,,,,,,,,,,,,,,,,,,,,,,,,,,,,,,,,,,,,,,,,,,,,,,,,,,,,,,,,,,,,,,,,,,,,,,,,,,,,,,,,,,,,,,,,,,,,,,,,
BB OD,,m,0.0381,0.0399,0.03873,0.04046,0.04094,0.0395,0.04074,0.0414,0.03901,0.03946,0.04076,0.04008,0.04156,0.04008,0.04093,0.04083,0.04055,0.03972,0.03932,0.03928,0.03808,0.03928,0.04055,0.03963,0.03984,0.03945,0.04069,0.0403,0.03964,0.04052,0.04015,0.04029,0.03824,0.03967,0.04116,0.04063,0.03899,0.03866,0.03847,0.04034,0.03914,0.03968,0.03919,0.03981,0.0399,0.03916,0.04064,0.03921,0.04042,0.03954,0.03991,0.03994,0.03991,0.03925,0.04062,0.03998,0.0403,0.04055,0.04057,0.04006,0.04169,0.03912,0.04039,0.04011,0.03987,0.03974,0.04035,0.04079,0.03971,0.04064,0.03932,0.04041,0.04035,0.03986,0.0399,0.04077,0.03992,0.04072,0.04002,0.04035,0.04071,0.04073,0.03895,0.03945,0.03943,0.04019,0.03835,0.03696,0.04028,0.04049,0.04004,0.04052,0.03986,0.03959,0.0396,0.04053,0.03955,0.04105,0.04061,0.03928,0.04012,0.03973,0.03807,0.03939,0.04016,0.04061,0.04067,0.03909,0.03834,0.04084,0.03902,0.04068,0.03945,0.03928,0.03973,0.03923,0.03846,0.03914,0.03989,0.04051,0.03894,0.04006,0.03926,0.03782,0.03937,0.03879,0.04008,0.0404,0.04048,0.03851,0.04016,0.03981,0.03805,0.04026,0.03774,0.04144,0.03852,0.03733,0.03982,0.03986,0.03962,0.03833,0.0404,0.04077,0.03876,0.03956,0.03989,0.04036,0.04064,0.04013,0.03905,0.03966,0.04072,0.04031,0.03827,0.03916,0.03901,0.03988,0.03881,0.04053,0.03934,0.04078,0.04094,0.03981,0.03849,,,,,,,,,,,,,,,,,,,,,,,,,,,,,,,,,,,,,,,,,,,,,,,,,,,,,,,,,,,,,,,,,,,,,,,,,,,,,,,,,,,,,,,,,,,,,,,,,,,,,,,,,,,,,,,,,,,,,,,,,,,,,,,,,,,,,,
TT OD,,m,0.02698,0.02879,0.03311,0.03183,0.03097,0.03072,0.03088,0.03038,0.03271,0.0302,0.02943,0.03095,0.03088,0.03029,0.02963,0.02895,0.0293,0.02865,0.03102,0.03087,0.0326,0.0299,0.02922,0.03095,0.03107,0.03331,0.03079,0.03081,0.03098,0.03212,0.03118,0.03127,0.03378,0.03221,0.02911,0.02944,0.02968,0.03155,0.03337,0.0294,0.03231,0.03206,0.03356,0.02834,0.02995,0.03333,0.03167,0.03283,0.03094,0.03098,0.03218,0.03113,0.03024,0.03245,0.03198,0.03128,0.03209,0.03058,0.02913,0.03169,0.03069,0.032,0.02993,0.03192,0.0292,0.03085,0.0312,0.03111,0.02966,0.0312,0.03272,0.03001,0.02965,0.03038,0.03168,0.03053,0.03321,0.02997,0.03111,0.03133,0.03136,0.02973,0.03249,0.03163,0.02851,0.02928,0.03343,0.03316,0.03029,0.03136,0.03071,0.03031,0.02905,0.03097,0.0307,0.03029,0.03149,0.03136,0.02938,0.03284,0.03147,0.02983,0.03467,0.0302,0.02992,0.03207,0.03033,0.03097,0.02895,0.03147,0.02943,0.02983,0.03105,0.03211,0.02954,0.03068,0.03316,0.03239,0.03036,0.03098,0.03311,0.03252,0.03269,0.03525,0.03098,0.03147,0.03062,0.03065,0.02994,0.03167,0.03152,0.03156,0.02905,0.03086,0.03338,0.0298,0.03219,0.03424,0.0314,0.03023,0.0295,0.03409,0.03152,0.02902,0.03255,0.02957,0.03072,0.02938,0.02891,0.03048,0.0308,0.02878,0.03139,0.02963,0.03359,0.03291,0.03134,0.03168,0.0337,0.03223,0.03194,0.03037,0.02916,0.0317,0.03213,,,,,,,,,,,,,,,,,,,,,,,,,,,,,,,,,,,,,,,,,,,,,,,,,,,,,,,,,,,,,,,,,,,,,,,,,,,,,,,,,,,,,,,,,,,,,,,,,,,,,,,,,,,,,,,,,,,,,,,,,,,,,,,,,,,,,,
HT OD,,m,0.05741,0.04331,0.05015,0.05178,0.04995,0.0488,0.05383,0.05866,0.05405,0.04332,0.0455,0.04393,0.0597,0.04858,0.0562,0.05097,0.04542,0.04473,0.05033,0.04885,0.05222,0.04682,0.04735,0.04538,0.05985,0.05757,0.0499,0.05007,0.04752,0.05347,0.04416,0.05055,0.04446,0.05004,0.04921,0.05161,0.0413,0.04832,0.04465,0.04588,0.04296,0.05294,0.05787,0.04235,0.04602,0.05877,0.05733,0.05179,0.05034,0.04292,0.04447,0.05026,0.04607,0.04212,0.05585,0.04736,0.05225,0.05464,0.04502,0.05387,0.05889,0.04719,0.05123,0.05516,0.04574,0.04825,0.04814,0.05393,0.04391,0.05174,0.0508,0.04937,0.04726,0.05243,0.0439,0.04961,0.05409,0.0509,0.04856,0.04549,0.06363,0.04981,0.04211,0.04534,0.04558,0.04604,0.05559,0.0415,0.04275,0.05106,0.04632,0.04862,0.04529,0.04721,0.04584,0.04545,0.04852,0.05786,0.04766,0.05066,0.05137,0.03913,0.03908,0.04516,0.05094,0.05596,0.06046,0.04491,0.03971,0.05195,0.04406,0.0513,0.05068,0.04313,0.04221,0.05552,0.04556,0.05038,0.04597,0.05312,0.05496,0.0522,0.05662,0.04074,0.04612,0.0507,0.04489,0.05626,0.04323,0.04405,0.05354,0.04892,0.03939,0.04892,0.04651,0.05652,0.04715,0.03954,0.05045,0.0541,0.04582,0.03974,0.05473,0.04555,0.04713,0.04152,0.04646,0.04602,0.04793,0.04118,0.03882,0.0424,0.05902,0.04758,0.05627,0.05006,0.04715,0.05267,0.04844,0.05719,0.04745,0.04995,0.04991,0.04921,0.04799,,,,,,,,,,,,,,,,,,,,,,,,,,,,,,,,,,,,,,,,,,,,,,,,,,,,,,,,,,,,,,,,,,,,,,,,,,,,,,,,,,,,,,,,,,,,,,,,,,,,,,,,,,,,,,,,,,,,,,,,,,,,,,,,,,,,,,
DT OD,,m,0.03603,0.0329,0.04204,0.03965,0.03831,0.03046,0.03877,0.04005,0.04272,0.03246,0.03499,0.03596,0.04145,0.03608,0.03902,0.03585,0.03583,0.03259,0.03661,0.03828,0.04219,0.03536,0.03535,0.03216,0.04081,0.0359,0.03792,0.03492,0.03688,0.03474,0.03215,0.03667,0.03952,0.03488,0.03642,0.03759,0.03062,0.03902,0.0383,0.03439,0.03397,0.0358,0.03803,0.03167,0.0364,0.03453,0.03816,0.04079,0.03985,0.03334,0.02852,0.03387,0.03626,0.03457,0.03615,0.0365,0.04163,0.04037,0.0353,0.03808,0.04078,0.0349,0.03832,0.0375,0.0335,0.03642,0.03882,0.03672,0.03307,0.04051,0.03943,0.03442,0.03622,0.03843,0.03426,0.03921,0.04288,0.0351,0.03605,0.03266,0.04348,0.03806,0.03461,0.03864,0.03143,0.03445,0.0325,0.03144,0.0318,0.03581,0.03487,0.03551,0.03372,0.03184,0.03687,0.03336,0.03385,0.04141,0.03603,0.03814,0.03471,0.03075,0.03113,0.03447,0.03767,0.03672,0.04035,0.02991,0.02902,0.03838,0.03267,0.03837,0.03132,0.0331,0.03364,0.03917,0.03988,0.04148,0.03645,0.0405,0.03449,0.04179,0.03593,0.03681,0.03745,0.0378,0.03198,0.04075,0.03272,0.02825,0.03464,0.03897,0.02863,0.03542,0.03839,0.03893,0.03842,0.03204,0.03839,0.03858,0.03247,0.03429,0.03839,0.03476,0.03425,0.03285,0.03842,0.03525,0.03485,0.03343,0.03084,0.03197,0.03982,0.0364,0.03408,0.04125,0.03709,0.03963,0.02922,0.04318,0.03031,0.039,0.03675,0.03728,0.02871,,,,,,,,,,,,,,,,,,,,,,,,,,,,,,,,,,,,,,,,,,,,,,,,,,,,,,,,,,,,,,,,,,,,,,,,,,,,,,,,,,,,,,,,,,,,,,,,,,,,,,,,,,,,,,,,,,,,,,,,,,,,,,,,,,,,,,
CS OD,,N/A,0.023385,0.022825,0.027585,0.02725,0.025814,0.022297,0.02666,0.028325,0.029435,0.02239,0.023269,0.023576,0.029706,0.025501,0.027976,0.025858,0.024386,0.02311,0.026206,0.026308,0.029176,0.024726,0.024874,0.022205,0.029287,0.025939,0.026136,0.024034,0.025175,0.023755,0.02127,0.024796,0.025055,0.023726,0.025003,0.026927,0.021559,0.026697,0.024778,0.023509,0.022538,0.024865,0.027044,0.022752,0.024728,0.02484,0.026217,0.027653,0.027304,0.022094,0.019206,0.023692,0.024711,0.021921,0.025023,0.024695,0.028477,0.028752,0.023861,0.026474,0.02894,0.023353,0.026688,0.026276,0.023514,0.025312,0.025862,0.025002,0.022804,0.028161,0.026301,0.024026,0.024742,0.027067,0.02192,0.026896,0.029103,0.02442,0.024239,0.021608,0.0322,0.026351,0.022885,0.025243,0.022998,0.023857,0.023304,0.022077,0.02114,0.024309,0.023587,0.0243,0.023699,0.022558,0.025115,0.022084,0.023155,0.029556,0.024411,0.025485,0.023846,0.020339,0.018741,0.023941,0.026309,0.025547,0.02909,0.021572,0.021053,0.026116,0.023326,0.026722,0.022918,0.021254,0.022781,0.028044,0.025737,0.027728,0.024734,0.028719,0.024269,0.02826,0.025177,0.02297,0.025382,0.026408,0.021793,0.02877,0.021548,0.020871,0.023996,0.026141,0.020886,0.024018,0.025264,0.027202,0.026244,0.020801,0.026168,0.028266,0.022911,0.021599,0.026811,0.023264,0.023712,0.022315,0.025683,0.024392,0.024137,0.02187,0.020435,0.022388,0.028091,0.025043,0.024131,0.027104,0.025226,0.027372,0.020188,0.030945,0.021412,0.026956,0.02555,0.025529,0.021298,,,,,,,,,,,,,,,,,,,,,,,,,,,,,,,,,,,,,,,,,,,,,,,,,,,,,,,,,,,,,,,,,,,,,,,,,,,,,,,,,,,,,,,,,,,,,,,,,,,,,,,,,,,,,,,,,,,,,,,,,,,,,,,,,,,,,,
SS OD,,N/A,0.017843,0.013826,0.018358,0.016839,0.014316,0.011601,0.01372,0.014278,0.019483,0.012709,0.014159,0.013754,0.014729,0.016324,0.014599,0.015918,0.014373,0.013761,0.018424,0.017913,0.0192,0.017177,0.015005,0.011809,0.01323,0.009841,0.015851,0.013096,0.016338,0.01143,0.01189,0.013144,0.016342,0.011121,0.014442,0.015198,0.012445,0.015815,0.017397,0.013926,0.013561,0.011466,0.011284,0.014131,0.015965,0.00955,0.012947,0.019314,0.016139,0.012448,0.010266,0.012485,0.016427,0.012976,0.011756,0.014452,0.016131,0.014693,0.014765,0.012732,0.014605,0.011999,0.014461,0.012405,0.01353,0.016244,0.01422,0.0135,0.013189,0.015063,0.013832,0.013409,0.014575,0.017689,0.012111,0.015102,0.016791,0.013728,0.012962,0.012087,0.014286,0.014595,0.014856,0.016031,0.013271,0.013858,0.008639,0.017874,0.012607,0.012199,0.013,0.013671,0.013657,0.011737,0.015648,0.013002,0.011554,0.014181,0.014424,0.014134,0.012134,0.012771,0.011406,0.016628,0.01452,0.012785,0.014016,0.011179,0.012304,0.013955,0.014128,0.014467,0.011419,0.011568,0.013541,0.014174,0.017103,0.018356,0.016382,0.015063,0.011048,0.015127,0.011117,0.016169,0.015555,0.014275,0.012483,0.013923,0.013263,0.010239,0.012347,0.013528,0.012715,0.012967,0.01776,0.014356,0.017672,0.014327,0.013386,0.016541,0.013072,0.015923,0.012695,0.014382,0.013511,0.013993,0.015909,0.014282,0.01419,0.013744,0.012943,0.013544,0.013399,0.015013,0.009982,0.015889,0.017335,0.0132,0.008444,0.016334,0.010397,0.015028,0.014834,0.015825,0.009508,,,,,,,,,,,,,,,,,,,,,,,,,,,,,,,,,,,,,,,,,,,,,,,,,,,,,,,,,,,,,,,,,,,,,,,,,,,,,,,,,,,,,,,,,,,,,,,,,,,,,,,,,,,,,,,,,,,,,,,,,,,,,,,,,,,,,,
ST OD,,N/A,0.03085,0.031162,0.031219,0.03216,0.032284,0.033113,0.032134,0.033268,0.031919,0.031854,0.031173,0.030802,0.033203,0.031778,0.032583,0.032116,0.031781,0.031588,0.031197,0.030923,0.031545,0.030239,0.031816,0.032205,0.031176,0.031178,0.03222,0.03286,0.03159,0.032305,0.030974,0.032387,0.030003,0.031488,0.032502,0.032233,0.031415,0.031273,0.029418,0.031907,0.028942,0.032281,0.031744,0.030082,0.031165,0.032924,0.033019,0.031293,0.032134,0.031467,0.030652,0.033087,0.030554,0.03036,0.032145,0.032213,0.031905,0.032045,0.031102,0.030758,0.033298,0.031755,0.03177,0.030699,0.032304,0.031792,0.031651,0.032744,0.031866,0.031876,0.031419,0.033028,0.031357,0.031792,0.03084,0.03203,0.031849,0.033128,0.032227,0.030225,0.032128,0.032102,0.028967,0.031013,0.032135,0.032209,0.032612,0.02713,0.030702,0.032032,0.032234,0.032724,0.032085,0.032716,0.03103,0.030821,0.032325,0.032121,0.031437,0.0319,0.032812,0.029925,0.029081,0.029575,0.03158,0.033348,0.032296,0.032376,0.030877,0.032363,0.031336,0.032037,0.033405,0.03089,0.031193,0.030949,0.030268,0.031463,0.030602,0.03202,0.033099,0.031627,0.032748,0.028206,0.031044,0.030229,0.031559,0.031672,0.030345,0.032326,0.033354,0.03109,0.030208,0.032446,0.029997,0.033212,0.030232,0.029079,0.030827,0.032375,0.032361,0.027726,0.031479,0.03113,0.028524,0.03047,0.031531,0.031926,0.032341,0.030333,0.030093,0.031046,0.032111,0.031577,0.032875,0.031373,0.030792,0.030934,0.031501,0.032224,0.032472,0.032114,0.032167,0.032134,0.032925,,,,,,,,,,,,,,,,,,,,,,,,,,,,,,,,,,,,,,,,,,,,,,,,,,,,,,,,,,,,,,,,,,,,,,,,,,,,,,,,,,,,,,,,,,,,,,,,,,,,,,,,,,,,,,,,,,,,,,,,,,,,,,,,,,,,,,
CS F,,m,0.01526,0.01441,0.01446,0.01462,0.01469,0.01427,0.01438,0.0144,0.01426,0.01436,0.01409,0.0139,0.01437,0.01462,0.01387,0.0144,0.01463,0.01444,0.01454,0.01412,0.01372,0.01429,0.01461,0.0143,0.01302,0.01401,0.01467,0.01459,0.01449,0.0142,0.0139,0.01467,0.01355,0.01426,0.01451,0.014,0.01422,0.01343,0.01333,0.01452,0.01243,0.01452,0.01421,0.01415,0.01458,0.01446,0.01467,0.01463,0.01441,0.01416,0.01343,0.01449,0.01422,0.01356,0.01416,0.01451,0.0143,0.01384,0.01427,0.01337,0.01446,0.0143,0.0139,0.01325,0.01453,0.01451,0.01445,0.01449,0.01448,0.01424,0.01428,0.01456,0.01382,0.01421,0.01389,0.01444,0.01431,0.01459,0.01462,0.01342,0.01335,0.01426,0.01262,0.01417,0.01439,0.01457,0.0143,0.01245,0.01393,0.01438,0.01454,0.01462,0.0145,0.01433,0.01368,0.01379,0.01448,0.01415,0.01396,0.01435,0.0145,0.01373,0.01249,0.01391,0.01362,0.01465,0.01354,0.01416,0.014,0.0147,0.0143,0.01409,0.01432,0.0138,0.01438,0.01261,0.01371,0.01444,0.01424,0.01403,0.01434,0.01421,0.01451,0.01233,0.01365,0.0124,0.01412,0.01367,0.01373,0.01394,0.0145,0.01382,0.01382,0.01458,0.01381,0.01439,0.01324,0.01289,0.01343,0.01372,0.0145,0.01224,0.0141,0.0141,0.01143,0.0141,0.01437,0.01461,0.01447,0.01381,0.01351,0.01434,0.01406,0.01395,0.01427,0.01429,0.01428,0.01355,0.01386,0.01406,0.01415,0.0144,0.01424,0.01445,0.01403,,,,,,,,,,,,,,,,,,,,,,,,,,,,,,,,,,,,,,,,,,,,,,,,,,,,,,,,,,,,,,,,,,,,,,,,,,,,,,,,,,,,,,,,,,,,,,,,,,,,,,,,,,,,,,,,,,,,,,,,,,,,,,,,,,,,,,
HT LX,,N/A,0.042016,0.043168,0.049946,0.052025,0.051649,0.047888,0.051252,0.055687,0.050552,0.04472,0.041242,0.039275,0.057629,0.049016,0.049756,0.048062,0.046853,0.044157,0.05018,0.044678,0.044848,0.046459,0.047854,0.045816,0.044984,0.046579,0.050442,0.051023,0.048537,0.047245,0.037848,0.05176,0.040388,0.044414,0.049126,0.046865,0.04257,0.039589,0.037878,0.046124,0.024862,0.05058,0.053185,0.041944,0.047026,0.054017,0.056424,0.051464,0.049161,0.0432,0.032703,0.051355,0.043982,0.037567,0.048402,0.049082,0.050022,0.048387,0.043634,0.040898,0.057539,0.046288,0.045436,0.039843,0.046279,0.048921,0.048416,0.051905,0.044861,0.049235,0.049482,0.049913,0.040919,0.047803,0.038776,0.048994,0.051783,0.050809,0.049823,0.031936,0.052225,0.04771,0.026971,0.04411,0.044687,0.046813,0.050456,0.033776,0.037347,0.047214,0.048106,0.049959,0.04589,0.047716,0.039367,0.036077,0.048239,0.053617,0.042549,0.050796,0.050755,0.036889,0.027958,0.042418,0.042388,0.056331,0.050018,0.04557,0.04151,0.053009,0.045633,0.047353,0.051204,0.038912,0.044074,0.037419,0.041389,0.049166,0.044137,0.048572,0.054271,0.049773,0.055115,0.027689,0.039343,0.031571,0.041759,0.048271,0.034213,0.044717,0.052895,0.043542,0.041246,0.049711,0.046252,0.053916,0.037006,0.034373,0.040214,0.045846,0.046179,0.026179,0.048508,0.042106,0.018936,0.042273,0.045481,0.047093,0.047212,0.037513,0.036431,0.042409,0.052485,0.042683,0.054208,0.04946,0.048037,0.043919,0.039229,0.052679,0.045239,0.048913,0.047565,0.049773,0.047926,,,,,,,,,,,,,,,,,,,,,,,,,,,,,,,,,,,,,,,,,,,,,,,,,,,,,,,,,,,,,,,,,,,,,,,,,,,,,,,,,,,,,,,,,,,,,,,,,,,,,,,,,,,,,,,,,,,,,,,,,,,,,,,,,,,,,,
ST UX,,N/A,0.044334,0.047425,0.042938,0.039256,0.056568,0.058549,0.073834,0.070393,0.04216,0.049448,0.052202,0.055647,0.071207,0.033488,0.068852,0.04044,0.046291,0.045987,0.023854,0.03899,0.046841,0.030458,0.042259,0.055473,0.101469,0.103257,0.04005,0.057107,0.034281,0.077102,0.061465,0.060318,0.045003,0.075609,0.05021,0.055751,0.048292,0.061501,0.035889,0.049493,0.060964,0.076806,0.096103,0.041656,0.038157,0.090677,0.078354,0.032062,0.050219,0.0507,0.067323,0.057875,0.037692,0.052334,0.085623,0.044702,0.057694,0.073654,0.045501,0.087419,0.067513,0.061471,0.066571,0.091759,0.04602,0.032702,0.060037,0.06806,0.049016,0.065171,0.066947,0.051024,0.057768,0.038647,0.061116,0.056036,0.055518,0.055625,0.058799,0.068558,0.098363,0.058151,0.050526,0.044734,0.043876,0.046415,0.085672,0.013108,0.056438,0.07173,0.053717,0.049951,0.043863,0.056652,0.053429,0.060686,0.062171,0.082972,0.055885,0.05332,0.065633,0.047518,0.053083,0.031571,0.067528,0.067115,0.085425,0.05403,0.044226,0.06088,0.036397,0.063712,0.060518,0.060176,0.045741,0.088893,0.043696,0.042273,0.037957,0.06856,0.068153,0.065744,0.0816,0.039232,0.055581,0.08161,0.05681,0.08514,0.055926,0.05188,0.066836,0.070954,0.037427,0.059755,0.031616,0.062078,0.047406,0.035212,0.077667,0.054271,0.048436,0.031635,0.086767,0.049291,0.078974,0.040107,0.047736,0.043345,0.048989,0.043967,0.041171,0.047027,0.088557,0.053885,0.078353,0.055247,0.031906,0.083626,0.075929,0.067549,0.061789,0.056665,0.050178,0.03577,0.060987,,,,,,,,,,,,,,,,,,,,,,,,,,,,,,,,,,,,,,,,,,,,,,,,,,,,,,,,,,,,,,,,,,,,,,,,,,,,,,,,,,,,,,,,,,,,,,,,,,,,,,,,,,,,,,,,,,,,,,,,,,,,,,,,,,,,,,
HT UX,,N/A,0.023475,0.027737,0.033791,0.034309,0.032633,0.02675,0.031488,0.034243,0.03522,0.027617,0.028283,0.027855,0.036431,0.031262,0.033078,0.031743,0.03113,0.028586,0.030661,0.030561,0.033979,0.027849,0.030853,0.026082,0.031246,0.026611,0.033307,0.030487,0.030731,0.02706,0.023838,0.03048,0.028547,0.026681,0.032515,0.032662,0.026226,0.032101,0.026609,0.029682,0.02271,0.028326,0.029059,0.026183,0.030082,0.026504,0.031011,0.033638,0.034121,0.026231,0.019342,0.029495,0.028715,0.024676,0.027841,0.031093,0.035358,0.033912,0.029433,0.028229,0.036305,0.027316,0.031434,0.027083,0.030724,0.031023,0.032307,0.03054,0.028772,0.034763,0.031666,0.031952,0.029406,0.032612,0.024827,0.033725,0.036094,0.031932,0.029646,0.022808,0.035733,0.032464,0.024398,0.030577,0.029357,0.031052,0.023824,0.017862,0.024166,0.028452,0.029132,0.03196,0.030668,0.026576,0.029926,0.025446,0.026927,0.034574,0.029435,0.030671,0.028556,0.022955,0.017295,0.025875,0.030054,0.031017,0.032638,0.024907,0.025413,0.032163,0.028463,0.032187,0.027525,0.023386,0.02837,0.02925,0.029868,0.033997,0.028873,0.034771,0.027066,0.03509,0.027918,0.023453,0.030444,0.028142,0.025716,0.032849,0.02454,0.023225,0.028859,0.031139,0.024485,0.029427,0.02773,0.033833,0.029369,0.020486,0.029338,0.033396,0.029882,0.020523,0.02988,0.028214,0.022118,0.026453,0.031738,0.031095,0.030767,0.025895,0.023085,0.026981,0.031389,0.030497,0.025444,0.033352,0.029546,0.030823,0.019341,0.03761,0.023861,0.033666,0.032259,0.031658,0.022972,,,,,,,,,,,,,,,,,,,,,,,,,,,,,,,,,,,,,,,,,,,,,,,,,,,,,,,,,,,,,,,,,,,,,,,,,,,,,,,,,,,,,,,,,,,,,,,,,,,,,,,,,,,,,,,,,,,,,,,,,,,,,,,,,,,,,,
HT Angle,,deg,68.55262,70.88606,70.14718,69.917,71.66454,70.15899,74.14821,73.82195,70.32923,70.34631,72.4024,73.0966,73.37235,68.91658,74.61076,70.43352,71.12793,70.56252,67.73184,70.65948,71.54141,69.14869,70.16597,70.9766,78.65962,75.68654,69.97014,70.81188,69.30265,74.45787,73.14225,71.49522,71.5207,73.44414,71.1361,72.85014,69.87115,73.54406,71.02786,71.13304,75.37308,72.87774,73.83922,70.52942,70.21157,73.47347,72.8763,69.24253,71.68167,70.99968,73.97221,70.51574,70.4925,72.64629,75.2186,70.22887,72.18296,74.87748,71.69338,76.8038,72.75192,71.5486,74.27453,77.4666,70.2966,68.84594,72.37848,73.27394,70.44123,73.22792,72.35712,70.39984,73.14749,70.80978,73.0828,72.34979,71.45846,70.9953,71.56124,74.86792,77.76676,72.96863,74.20484,71.32041,69.87888,70.64751,72.68051,67.16791,72.75322,73.65753,71.21282,70.54127,70.29013,70.69721,72.66701,73.67032,71.59383,75.09771,72.91298,70.74291,72.2814,71.21888,73.45747,69.5252,74.47773,70.83509,76.83163,70.09801,69.20681,71.57195,68.93899,73.79247,70.21802,72.23764,70.70778,77.53973,71.27408,70.46794,70.52907,73.9065,70.86978,72.98631,72.37898,72.81807,72.93299,76.72392,72.17891,76.24733,73.20776,69.60865,71.91599,74.20886,68.61099,71.8185,69.10953,73.16638,72.1585,70.14261,75.58939,72.72572,70.0749,72.14278,75.26254,72.12919,77.94093,70.15292,71.56445,70.41812,71.08806,71.82343,70.61434,70.5954,76.10083,72.62579,71.64244,71.41288,69.10755,75.84013,72.53715,73.19594,71.40468,72.52175,72.19258,69.19745,70.09963,,,,,,,,,,,,,,,,,,,,,,,,,,,,,,,,,,,,,,,,,,,,,,,,,,,,,,,,,,,,,,,,,,,,,,,,,,,,,,,,,,,,,,,,,,,,,,,,,,,,,,,,,,,,,,,,,,,,,,,,,,,,,,,,,,,,,,
HT Length,,m,0.08801,0.11833,0.11713,0.12329,0.13485,0.11495,0.13843,0.15782,0.11873,0.12091,0.12062,0.12617,0.16218,0.10844,0.15452,0.11492,0.12638,0.11782,0.09492,0.10529,0.11745,0.09726,0.11737,0.11837,0.14655,0.12214,0.12251,0.12541,0.11407,0.11366,0.11037,0.12757,0.12331,0.12126,0.13229,0.14111,0.11678,0.13555,0.10738,0.12571,0.12103,0.12479,0.12786,0.10848,0.11433,0.12044,0.13747,0.10704,0.13631,0.12373,0.09469,0.12099,0.10715,0.12323,0.11839,0.12244,0.14051,0.15379,0.11882,0.1291,0.16056,0.12559,0.14338,0.12593,0.12166,0.11172,0.1331,0.13179,0.12295,0.14836,0.1296,0.12613,0.13059,0.11306,0.11947,0.14324,0.13538,0.13098,0.1266,0.11092,0.16681,0.1427,0.1187,0.12281,0.11433,0.12426,0.11687,0.07791,0.11091,0.121,0.12572,0.12731,0.12003,0.11749,0.12506,0.11555,0.12264,0.15114,0.12868,0.12346,0.12212,0.11105,0.11487,0.0958,0.14096,0.12792,0.15696,0.11378,0.10961,0.13309,0.10694,0.14445,0.11475,0.12198,0.12173,0.14875,0.11935,0.11825,0.10885,0.1532,0.11433,0.13943,0.12254,0.10944,0.12897,0.14367,0.11307,0.14938,0.11471,0.11029,0.12261,0.13316,0.10575,0.12583,0.11089,0.15447,0.11017,0.11551,0.13423,0.13811,0.12151,0.10024,0.13198,0.11868,0.13046,0.11504,0.1243,0.1217,0.12556,0.11858,0.11396,0.1165,0.14218,0.12838,0.11571,0.12951,0.10936,0.13453,0.10671,0.15942,0.11099,0.14485,0.13567,0.1159,0.11218,,,,,,,,,,,,,,,,,,,,,,,,,,,,,,,,,,,,,,,,,,,,,,,,,,,,,,,,,,,,,,,,,,,,,,,,,,,,,,,,,,,,,,,,,,,,,,,,,,,,,,,,,,,,,,,,,,,,,,,,,,,,,,,,,,,,,,
ST Length,,N/A,0.292659,0.469188,0.328501,0.398254,0.507538,0.442219,0.516671,0.535672,0.327956,0.480272,0.479706,0.506659,0.546839,0.374281,0.550315,0.447061,0.498559,0.480392,0.250965,0.348644,0.371578,0.314647,0.461083,0.474462,0.581695,0.566815,0.433924,0.485927,0.372026,0.466483,0.467613,0.505745,0.409755,0.531058,0.514054,0.534432,0.466495,0.517964,0.343667,0.479674,0.519954,0.521473,0.560549,0.444309,0.401882,0.509722,0.495773,0.263742,0.477417,0.500276,0.428446,0.485634,0.378893,0.497291,0.48786,0.477991,0.491529,0.565834,0.471164,0.552152,0.540061,0.534437,0.542971,0.546941,0.493302,0.371345,0.516724,0.474653,0.481587,0.542979,0.516802,0.491528,0.514975,0.381039,0.505662,0.522902,0.451125,0.484329,0.51007,0.493919,0.60254,0.530737,0.488811,0.428814,0.485611,0.495978,0.544841,0.178862,0.453018,0.495787,0.500486,0.496867,0.493097,0.468624,0.486672,0.475944,0.509632,0.556167,0.504897,0.489742,0.472379,0.443588,0.486599,0.328387,0.546955,0.495568,0.559073,0.464704,0.465193,0.50724,0.435294,0.536848,0.46597,0.510843,0.481128,0.599412,0.387354,0.349266,0.38318,0.558313,0.528253,0.515875,0.527509,0.397039,0.498192,0.585301,0.439382,0.566001,0.47405,0.487209,0.456574,0.551026,0.441166,0.485803,0.295754,0.525819,0.405081,0.391739,0.556659,0.513423,0.482259,0.366057,0.538937,0.472464,0.569022,0.447996,0.455111,0.48722,0.498272,0.469518,0.448807,0.464396,0.523148,0.506483,0.553159,0.446122,0.317241,0.569137,0.502708,0.538042,0.459363,0.529244,0.516517,0.403064,0.50698,,,,,,,,,,,,,,,,,,,,,,,,,,,,,,,,,,,,,,,,,,,,,,,,,,,,,,,,,,,,,,,,,,,,,,,,,,,,,,,,,,,,,,,,,,,,,,,,,,,,,,,,,,,,,,,,,,,,,,,,,,,,,,,,,,,,,,
BB Length,,m,0.06451,0.07078,0.06966,0.06961,0.0676,0.06539,0.06582,0.06659,0.07175,0.06807,0.07145,0.06965,0.06703,0.07027,0.06938,0.07261,0.06992,0.07095,0.07102,0.07298,0.07374,0.07169,0.0705,0.06597,0.06507,0.0588,0.06955,0.06639,0.06981,0.06329,0.06772,0.06574,0.07099,0.06336,0.0705,0.07217,0.06902,0.07259,0.07325,0.06966,0.07288,0.06264,0.06025,0.0715,0.07057,0.05844,0.06358,0.07029,0.07069,0.06747,0.06668,0.0654,0.07192,0.06838,0.06241,0.06778,0.06946,0.06878,0.07177,0.06515,0.06764,0.0652,0.06984,0.06435,0.0695,0.06976,0.06782,0.06595,0.06894,0.06898,0.06593,0.06791,0.07195,0.07356,0.06693,0.06975,0.06864,0.06828,0.06608,0.06842,0.06543,0.07006,0.07493,0.07073,0.07069,0.06959,0.05841,0.07365,0.06959,0.06459,0.06692,0.0679,0.06989,0.06527,0.07313,0.07016,0.06445,0.06545,0.07156,0.06587,0.0646,0.07053,0.06773,0.07247,0.07093,0.06416,0.06688,0.06553,0.06986,0.06639,0.07029,0.06951,0.064,0.06632,0.06952,0.07059,0.07185,0.07067,0.07173,0.06935,0.06138,0.0678,0.06078,0.07486,0.07263,0.07247,0.06833,0.06639,0.07141,0.06449,0.0644,0.06737,0.07005,0.06628,0.07074,0.0682,0.07507,0.06954,0.06752,0.07423,0.06881,0.07569,0.0638,0.07199,0.07387,0.07017,0.07092,0.06974,0.07055,0.07093,0.06986,0.07072,0.06392,0.07239,0.05942,0.06798,0.07056,0.06588,0.06155,0.06981,0.06386,0.06996,0.0715,0.06862,0.06214,,,,,,,,,,,,,,,,,,,,,,,,,,,,,,,,,,,,,,,,,,,,,,,,,,,,,,,,,,,,,,,,,,,,,,,,,,,,,,,,,,,,,,,,,,,,,,,,,,,,,,,,,,,,,,,,,,,,,,,,,,,,,,,,,,,,,,
Dropout Offset,,N/A,0.143078,0.135215,0.13329,0.133516,0.131324,0.133602,0.129533,0.131001,0.133871,0.132868,0.134321,0.131554,0.130558,0.135921,0.131845,0.137082,0.133267,0.135828,0.137433,0.136283,0.133918,0.137087,0.135236,0.13088,0.127519,0.125774,0.133797,0.132321,0.134406,0.128388,0.130847,0.131154,0.132206,0.128054,0.134501,0.133704,0.134324,0.132653,0.135314,0.134096,0.133637,0.128529,0.127878,0.136766,0.134418,0.126775,0.129612,0.135277,0.13198,0.130724,0.130796,0.132239,0.135653,0.130135,0.127795,0.132594,0.130221,0.129835,0.134762,0.12841,0.13148,0.129725,0.13144,0.128122,0.134904,0.135249,0.130559,0.130874,0.133801,0.129594,0.130238,0.134319,0.13379,0.136817,0.129377,0.131163,0.130678,0.134261,0.130749,0.131589,0.126945,0.131835,0.135649,0.132738,0.13687,0.134269,0.12693,0.140633,0.132911,0.128938,0.131077,0.13336,0.135033,0.131388,0.134369,0.133442,0.129646,0.127964,0.133971,0.131633,0.129907,0.134453,0.129192,0.137586,0.132454,0.132261,0.129935,0.132055,0.135949,0.131218,0.1364,0.131461,0.1323,0.129005,0.133229,0.131363,0.133149,0.133291,0.13528,0.129702,0.130708,0.129469,0.129243,0.135372,0.13358,0.132425,0.132505,0.128644,0.134348,0.131538,0.130613,0.129291,0.136879,0.130585,0.134529,0.132331,0.136035,0.132948,0.12965,0.134805,0.135042,0.137631,0.127934,0.135075,0.133566,0.134682,0.13302,0.134316,0.135062,0.133435,0.133493,0.135524,0.128027,0.134246,0.129012,0.131171,0.134736,0.128156,0.126682,0.129201,0.129549,0.131273,0.134277,0.134062,0.12987,,,,,,,,,,,,,,,,,,,,,,,,,,,,,,,,,,,,,,,,,,,,,,,,,,,,,,,,,,,,,,,,,,,,,,,,,,,,,,,,,,,,,,,,,,,,,,,,,,,,,,,,,,,,,,,,,,,,,,,,,,,,,,,,,,,,,,
SSB OD,,N/A,0,0,0,0,0.015418,0.014922,0.015056,0,0,0.015279,0,0,0,0,0,0,0,0,0,0,0,0,0,0.014839,0,0.013485,0,0.015242,0,0.014463,0.015058,0.01509,0,0.014357,0,0,0.015326,0,0,0.015838,0,0.014343,0.013799,0,0,0.013453,0.014869,0,0,0.015039,0.014567,0.014997,0,0,0.014348,0,0,0,0,0,0,0.014666,0,0,0.015717,0,0,0.015278,0.015558,0,0,0.01554,0,0,0.01494,0,0,0.015664,0.015081,0,0,0,0,0,0,0,0.013197,0,0.015449,0.014751,0.015186,0.015507,0,0.014759,0,0,0.014572,0,0,0.014852,0.014788,0,0,0,0,0.014899,0,0.014647,0,0.015202,0,0,0.014654,0.014667,0,0,0,0,0,0,0.013985,0,0.014,0,0,0,0.015319,0,0,0.014234,0.01485,0,0,0.01514,0,0,0,0,0,0,0.015589,0,0.014516,0,0,0,0,0,0,0,0,0,0.014611,0,0.013495,0,0,0,0.013451,0,0.014258,0,0,0,0.013785,,,,,,,,,,,,,,,,,,,,,,,,,,,,,,,,,,,,,,,,,,,,,,,,,,,,,,,,,,,,,,,,,,,,,,,,,,,,,,,,,,,,,,,,,,,,,,,,,,,,,,,,,,,,,,,,,,,,,,,,,,,,,,,,,,,,,,
CSB OD,,N/A,0,0,0,0,0,0.0168,0,0,0,0.017335,0,0,0,0,0,0,0,0,0,0,0,0,0,0.016966,0,0.016118,0,0.017279,0,0.0164,0.016899,0.017271,0,0.016704,0,0,0,0,0,0,0,0.016706,0.016431,0,0,0.015997,0.016973,0,0,0.017266,0.016252,0.017139,0,0,0.016392,0,0,0,0,0,0,0.017068,0,0,0,0,0,0.017067,0,0,0,0,0,0,0,0,0,0,0.017281,0,0,0,0,0,0,0,0.015968,0,0,0.016806,0.017345,0,0,0.016887,0,0,0.016899,0,0,0.017247,0.01684,0,0,0,0,0.017069,0,0.016828,0,0.017337,0,0,0.016797,0.016949,0,0,0,0,0,0,0.016679,0,0.016537,0,0,0,0.016961,0,0,0.016708,0.01681,0,0,0.017195,0,0,0,0,0,0,0,0,0,0,0,0,0,0,0,0,0,0,0,0,0.016357,0,0,0,0.015959,0,0.016461,0,0,0,0.016449,,,,,,,,,,,,,,,,,,,,,,,,,,,,,,,,,,,,,,,,,,,,,,,,,,,,,,,,,,,,,,,,,,,,,,,,,,,,,,,,,,,,,,,,,,,,,,,,,,,,,,,,,,,,,,,,,,,,,,,,,,,,,,,,,,,,,,
Material,,N/A,AISI 4130 Steel, annealed at 865C@SOLIDWORKS Materials,AISI 4130 Steel, annealed at 865C@SOLIDWORKS Materials,6061-T6 (SS)@SOLIDWORKS Materials,AISI 4130 Steel, annealed at 865C@SOLIDWORKS Materials,AISI 4130 Steel, annealed at 865C@SOLIDWORKS Materials,AISI 4130 Steel, annealed at 865C@SOLIDWORKS Materials,AISI 4130 Steel, annealed at 865C@SOLIDWORKS Materials,AISI 4130 Steel, annealed at 865C@SOLIDWORKS Materials,6061-T6 (SS)@SOLIDWORKS Materials,AISI 4130 Steel, annealed at 865C@SOLIDWORKS Materials,AISI 4130 Steel, annealed at 865C@SOLIDWORKS Materials,AISI 4130 Steel, annealed at 865C@SOLIDWORKS Materials,AISI 4130 Steel, annealed at 865C@SOLIDWORKS Materials,AISI 4130 Steel, annealed at 865C@SOLIDWORKS Materials,AISI 4130 Steel, annealed at 865C@SOLIDWORKS Materials,AISI 4130 Steel, annealed at 865C@SOLIDWORKS Materials,AISI 4130 Steel, annealed at 865C@SOLIDWORKS Materials,AISI 4130 Steel, annealed at 865C@SOLIDWORKS Materials,AISI 4130 Steel, annealed at 865C@SOLIDWORKS Materials,6061-T6 (SS)@SOLIDWORKS Materials,6061-T6 (SS)@SOLIDWORKS Materials,AISI 4130 Steel, annealed at 865C@SOLIDWORKS Materials,AISI 4130 Steel, annealed at 865C@SOLIDWORKS Materials,AISI 4130 Steel, annealed at 865C@SOLIDWORKS Materials,AISI 4130 Steel, annealed at 865C@SOLIDWORKS Materials,AISI 4130 Steel, annealed at 865C@SOLIDWORKS Materials,AISI 4130 Steel, annealed at 865C@SOLIDWORKS Materials,AISI 4130 Steel, annealed at 865C@SOLIDWORKS Materials,AISI 4130 Steel, annealed at 865C@SOLIDWORKS Materials,AISI 4130 Steel, annealed at 865C@SOLIDWORKS Materials,AISI 4130 Steel, annealed at 865C@SOLIDWORKS Materials,AISI 4130 Steel, annealed at 865C@SOLIDWORKS Materials,6061-T6 (SS)@SOLIDWORKS Materials,AISI 4130 Steel, annealed at 865C@SOLIDWORKS Materials,AISI 4130 Steel, annealed at 865C@SOLIDWORKS Materials,AISI 4130 Steel, annealed at 865C@SOLIDWORKS Materials,AISI 4130 Steel, annealed at 865C@SOLIDWORKS Materials,6061-T6 (SS)@SOLIDWORKS Materials,6061-T6 (SS)@SOLIDWORKS Materials,AISI 4130 Steel, annealed at 865C@SOLIDWORKS Materials,6061-T6 (SS)@SOLIDWORKS Materials,AISI 4130 Steel, annealed at 865C@SOLIDWORKS Materials,AISI 4130 Steel, annealed at 865C@SOLIDWORKS Materials,AISI 4130 Steel, annealed at 865C@SOLIDWORKS Materials,AISI 4130 Steel, annealed at 865C@SOLIDWORKS Materials,AISI 4130 Steel, annealed at 865C@SOLIDWORKS Materials,AISI 4130 Steel, annealed at 865C@SOLIDWORKS Materials,6061-T6 (SS)@SOLIDWORKS Materials,AISI 4130 Steel, annealed at 865C@SOLIDWORKS Materials,AISI 4130 Steel, annealed at 865C@SOLIDWORKS Materials,AISI 4130 Steel, annealed at 865C@SOLIDWORKS Materials,AISI 4130 Steel, annealed at 865C@SOLIDWORKS Materials,AISI 4130 Steel, annealed at 865C@SOLIDWORKS Materials,6061-T6 (SS)@SOLIDWORKS Materials,AISI 4130 Steel, annealed at 865C@SOLIDWORKS Materials,AISI 4130 Steel, annealed at 865C@SOLIDWORKS Materials,AISI 4130 Steel, annealed at 865C@SOLIDWORKS Materials,AISI 4130 Steel, annealed at 865C@SOLIDWORKS Materials,AISI 4130 Steel, annealed at 865C@SOLIDWORKS Materials,AISI 4130 Steel, annealed at 865C@SOLIDWORKS Materials,AISI 4130 Steel, annealed at 865C@SOLIDWORKS Materials,AISI 4130 Steel, annealed at 865C@SOLIDWORKS Materials,AISI 4130 Steel, annealed at 865C@SOLIDWORKS Materials,AISI 4130 Steel, annealed at 865C@SOLIDWORKS Materials,AISI 4130 Steel, annealed at 865C@SOLIDWORKS Materials,AISI 4130 Steel, annealed at 865C@SOLIDWORKS Materials,AISI 4130 Steel, annealed at 865C@SOLIDWORKS Materials,AISI 4130 Steel, annealed at 865C@SOLIDWORKS Materials,AISI 4130 Steel, annealed at 865C@SOLIDWORKS Materials,AISI 4130 Steel, annealed at 865C@SOLIDWORKS Materials,AISI 4130 Steel, annealed at 865C@SOLIDWORKS Materials,AISI 4130 Steel, annealed at 865C@SOLIDWORKS Materials,AISI 4130 Steel, annealed at 865C@SOLIDWORKS Materials,AISI 4130 Steel, annealed at 865C@SOLIDWORKS Materials,AISI 4130 Steel, annealed at 865C@SOLIDWORKS Materials,AISI 4130 Steel, annealed at 865C@SOLIDWORKS Materials,6061-T6 (SS)@SOLIDWORKS Materials,AISI 4130 Steel, annealed at 865C@SOLIDWORKS Materials,AISI 4130 Steel, annealed at 865C@SOLIDWORKS Materials,AISI 4130 Steel, annealed at 865C@SOLIDWORKS Materials,AISI 4130 Steel, annealed at 865C@SOLIDWORKS Materials,AISI 4130 Steel, annealed at 865C@SOLIDWORKS Materials,6061-T6 (SS)@SOLIDWORKS Materials,6061-T6 (SS)@SOLIDWORKS Materials,AISI 4130 Steel, annealed at 865C@SOLIDWORKS Materials,AISI 4130 Steel, annealed at 865C@SOLIDWORKS Materials,AISI 4130 Steel, annealed at 865C@SOLIDWORKS Materials,6061-T6 (SS)@SOLIDWORKS Materials,AISI 4130 Steel, annealed at 865C@SOLIDWORKS Materials,AISI 4130 Steel, annealed at 865C@SOLIDWORKS Materials,AISI 4130 Steel, annealed at 865C@SOLIDWORKS Materials,AISI 4130 Steel, annealed at 865C@SOLIDWORKS Materials,AISI 4130 Steel, annealed at 865C@SOLIDWORKS Materials,AISI 4130 Steel, annealed at 865C@SOLIDWORKS Materials,6061-T6 (SS)@SOLIDWORKS Materials,AISI 4130 Steel, annealed at 865C@SOLIDWORKS Materials,AISI 4130 Steel, annealed at 865C@SOLIDWORKS Materials,AISI 4130 Steel, annealed at 865C@SOLIDWORKS Materials,AISI 4130 Steel, annealed at 865C@SOLIDWORKS Materials,AISI 4130 Steel, annealed at 865C@SOLIDWORKS Materials,AISI 4130 Steel, annealed at 865C@SOLIDWORKS Materials,AISI 4130 Steel, annealed at 865C@SOLIDWORKS Materials,6061-T6 (SS)@SOLIDWORKS Materials,6061-T6 (SS)@SOLIDWORKS Materials,AISI 4130 Steel, annealed at 865C@SOLIDWORKS Materials,AISI 4130 Steel, annealed at 865C@SOLIDWORKS Materials,AISI 4130 Steel, annealed at 865C@SOLIDWORKS Materials,AISI 4130 Steel, annealed at 865C@SOLIDWORKS Materials,AISI 4130 Steel, annealed at 865C@SOLIDWORKS Materials,AISI 4130 Steel, annealed at 865C@SOLIDWORKS Materials,AISI 4130 Steel, annealed at 865C@SOLIDWORKS Materials,AISI 4130 Steel, annealed at 865C@SOLIDWORKS Materials,AISI 4130 Steel, annealed at 865C@SOLIDWORKS Materials,AISI 4130 Steel, annealed at 865C@SOLIDWORKS Materials,AISI 4130 Steel, annealed at 865C@SOLIDWORKS Materials,AISI 4130 Steel, annealed at 865C@SOLIDWORKS Materials,6061-T6 (SS)@SOLIDWORKS Materials,6061-T6 (SS)@SOLIDWORKS Materials,6061-T6 (SS)@SOLIDWORKS Materials,AISI 4130 Steel, annealed at 865C@SOLIDWORKS Materials,AISI 4130 Steel, annealed at 865C@SOLIDWORKS Materials,6061-T6 (SS)@SOLIDWORKS Materials,AISI 4130 Steel, annealed at 865C@SOLIDWORKS Materials,6061-T6 (SS)@SOLIDWORKS Materials,6061-T6 (SS)@SOLIDWORKS Materials,6061-T6 (SS)@SOLIDWORKS Materials,AISI 4130 Steel, annealed at 865C@SOLIDWORKS Materials,AISI 4130 Steel, annealed at 865C@SOLIDWORKS Materials,AISI 4130 Steel, annealed at 865C@SOLIDWORKS Materials,AISI 4130 Steel, annealed at 865C@SOLIDWORKS Materials,AISI 4130 Steel, annealed at 865C@SOLIDWORKS Materials,AISI 4130 Steel, annealed at 865C@SOLIDWORKS Materials,AISI 4130 Steel, annealed at 865C@SOLIDWORKS Materials,AISI 4130 Steel, annealed at 865C@SOLIDWORKS Materials,6061-T6 (SS)@SOLIDWORKS Materials,AISI 4130 Steel, annealed at 865C@SOLIDWORKS Materials,6061-T6 (SS)@SOLIDWORKS Materials,6061-T6 (SS)@SOLIDWORKS Materials,AISI 4130 Steel, annealed at 865C@SOLIDWORKS Materials,AISI 4130 Steel, annealed at 865C@SOLIDWORKS Materials,AISI 4130 Steel, annealed at 865C@SOLIDWORKS Materials,6061-T6 (SS)@SOLIDWORKS Materials,AISI 4130 Steel, annealed at 865C@SOLIDWORKS Materials,AISI 4130 Steel, annealed at 865C@SOLIDWORKS Materials,6061-T6 (SS)@SOLIDWORKS Materials,AISI 4130 Steel, annealed at 865C@SOLIDWORKS Materials,AISI 4130 Steel, annealed at 865C@SOLIDWORKS Materials,AISI 4130 Steel, annealed at 865C@SOLIDWORKS Materials,AISI 4130 Steel, annealed at 865C@SOLIDWORKS Materials,AISI 4130 Steel, annealed at 865C@SOLIDWORKS Materials,AISI 4130 Steel, annealed at 865C@SOLIDWORKS Materials,AISI 4130 Steel, annealed at 865C@SOLIDWORKS Materials,AISI 4130 Steel, annealed at 865C@SOLIDWORKS Materials,AISI 4130 Steel, annealed at 865C@SOLIDWORKS Materials,AISI 4130 Steel, annealed at 865C@SOLIDWORKS Materials,6061-T6 (SS)@SOLIDWORKS Materials,6061-T6 (SS)@SOLIDWORKS Materials,AISI 4130 Steel, annealed at 865C@SOLIDWORKS Materials,AISI 4130 Steel, annealed at 865C@SOLIDWORKS Materials,AISI 4130 Steel, annealed at 865C@SOLIDWORKS Materials,AISI 4130 Steel, annealed at 865C@SOLIDWORKS Materials,AISI 4130 Steel, annealed at 865C@SOLIDWORKS Materials,AISI 4130 Steel, annealed at 865C@SOLIDWORKS Materials,AISI 4130 Steel, annealed at 865C@SOLIDWORKS Materials,AISI 4130 Steel, annealed at 865C@SOLIDWORKS Materials
SSB Offset,,N/A,0.327888,0.331374,0.332889,0.33299,0.331707,0.331411,0.331378,0.332854,0.333977,0.331408,0.330928,0.330382,0.333386,0.332551,0.333066,0.332891,0.331486,0.331863,0.333389,0.332974,0.333857,0.332502,0.332135,0.331026,0.332725,0.331228,0.332534,0.331745,0.332522,0.330165,0.329204,0.332183,0.331472,0.330683,0.331959,0.3329,0.331559,0.332383,0.331653,0.331205,0.329588,0.331975,0.332738,0.331712,0.331849,0.333027,0.332168,0.333472,0.332515,0.331063,0.328146,0.332046,0.331807,0.330153,0.330322,0.33211,0.332367,0.332923,0.331454,0.330839,0.33342,0.331837,0.332155,0.330614,0.331871,0.332779,0.33124,0.331306,0.33145,0.332251,0.331984,0.332097,0.331429,0.334101,0.329526,0.332116,0.332631,0.331826,0.331814,0.329126,0.33402,0.332097,0.330224,0.331501,0.332408,0.331736,0.333203,0.333526,0.329531,0.330558,0.3314,0.331921,0.332078,0.331298,0.331674,0.329822,0.331733,0.332358,0.331444,0.333079,0.3314,0.330156,0.328955,0.332227,0.33208,0.332969,0.333388,0.33152,0.332388,0.332166,0.332765,0.332205,0.332128,0.330106,0.331414,0.332907,0.331783,0.332866,0.331774,0.332719,0.334117,0.331906,0.333186,0.330343,0.331752,0.332005,0.329917,0.332597,0.329819,0.332233,0.331579,0.331072,0.333178,0.331299,0.33333,0.332844,0.332307,0.331873,0.331132,0.334225,0.331732,0.330216,0.331056,0.33126,0.330507,0.331729,0.3318,0.331979,0.331574,0.330294,0.330427,0.331461,0.33166,0.33185,0.334251,0.332318,0.332795,0.331269,0.330222,0.333673,0.330751,0.332245,0.332451,0.333005,0.332544,,,,,,,,,,,,,,,,,,,,,,,,,,,,,,,,,,,,,,,,,,,,,,,,,,,,,,,,,,,,,,,,,,,,,,,,,,,,,,,,,,,,,,,,,,,,,,,,,,,,,,,,,,,,,,,,,,,,,,,,,,,,,,,,,,,,,,
CSB Offset,,N/A,0.256225,0.348052,0.303959,0.314659,0.331932,0.365917,0.334171,0.333726,0.302217,0.351237,0.342688,0.336137,0.322981,0.320631,0.334736,0.331816,0.337378,0.346802,0.306874,0.318404,0.306322,0.32001,0.332519,0.357021,0.320929,0.34291,0.323496,0.346078,0.320978,0.358714,0.358462,0.339987,0.309078,0.347921,0.339371,0.334682,0.355225,0.319796,0.308245,0.346489,0.328742,0.346516,0.331194,0.343012,0.327088,0.35602,0.340321,0.300677,0.323469,0.347851,0.374816,0.34916,0.325395,0.33695,0.351224,0.332841,0.312675,0.322514,0.338317,0.332459,0.325921,0.342579,0.332434,0.336192,0.345244,0.319976,0.327018,0.348326,0.349371,0.318955,0.320702,0.344853,0.336862,0.321237,0.347884,0.32715,0.303296,0.346311,0.342356,0.351347,0.307975,0.334537,0.320403,0.321768,0.348089,0.342426,0.360266,0.305797,0.357,0.349444,0.34534,0.340253,0.340952,0.359136,0.327901,0.350276,0.351433,0.31738,0.340009,0.326085,0.353331,0.353627,0.341635,0.322848,0.33396,0.339409,0.327769,0.362759,0.353715,0.33144,0.33488,0.333493,0.360075,0.349328,0.343575,0.324344,0.309276,0.307967,0.325171,0.319494,0.346732,0.310153,0.346533,0.303877,0.326041,0.321264,0.360845,0.320895,0.348273,0.363745,0.354692,0.325221,0.346785,0.346987,0.304378,0.338926,0.313784,0.32474,0.328383,0.326131,0.350938,0.310828,0.333334,0.342981,0.322253,0.340655,0.32761,0.335554,0.344182,0.340646,0.34631,0.350453,0.331088,0.335142,0.350658,0.311238,0.315679,0.322913,0.369584,0.306516,0.367269,0.328511,0.338951,0.321941,0.365273,,,,,,,,,,,,,,,,,,,,,,,,,,,,,,,,,,,,,,,,,,,,,,,,,,,,,,,,,,,,,,,,,,,,,,,,,,,,,,,,,,,,,,,,,,,,,,,,,,,,,,,,,,,,,,,,,,,,,,,,,,,,,,,,,,,,,,
SS Z,,N/A,0.008709,0.009894,0.009335,0.009462,0.009446,0.010836,0.009394,0.009338,0.009577,0.0102,0.009652,0.009733,0.009262,0.009793,0.009426,0.009762,0.009478,0.00989,0.009924,0.009588,0.009702,0.009853,0.009625,0.010356,0.009396,0.010144,0.009516,0.009987,0.009671,0.010343,0.010356,0.00968,0.009785,0.010074,0.009592,0.009616,0.010518,0.009657,0.009856,0.009756,0.010262,0.009951,0.009789,0.010011,0.0096,0.010499,0.009701,0.009436,0.009468,0.010057,0.011118,0.010202,0.009637,0.010068,0.010041,0.009717,0.009445,0.009368,0.009607,0.009718,0.009321,0.00988,0.009401,0.009822,0.009915,0.009773,0.009411,0.009718,0.010066,0.009383,0.009468,0.009912,0.009617,0.009668,0.010097,0.009378,0.009462,0.009829,0.009694,0.010204,0.009278,0.009421,0.010198,0.009519,0.010138,0.009735,0.010731,0.01072,0.010256,0.009948,0.009795,0.009755,0.009863,0.010463,0.009689,0.009945,0.010133,0.00925,0.009592,0.009683,0.010146,0.010512,0.010835,0.009891,0.009524,0.009983,0.009331,0.010731,0.010708,0.00952,0.010215,0.009385,0.01071,0.010254,0.009902,0.009543,0.009657,0.009412,0.009614,0.009406,0.010296,0.009403,0.01005,0.010419,0.009658,0.009851,0.010351,0.0093,0.010004,0.010869,0.010226,0.009565,0.010794,0.009851,0.009662,0.009425,0.009819,0.01058,0.009633,0.009733,0.010185,0.010534,0.009559,0.009658,0.010363,0.010081,0.009456,0.009646,0.009675,0.009986,0.010524,0.01007,0.0094,0.009604,0.010361,0.009398,0.009649,0.009559,0.011193,0.009436,0.010878,0.009386,0.009556,0.009758,0.010899,,,,,,,,,,,,,,,,,,,,,,,,,,,,,,,,,,,,,,,,,,,,,,,,,,,,,,,,,,,,,,,,,,,,,,,,,,,,,,,,,,,,,,,,,,,,,,,,,,,,,,,,,,,,,,,,,,,,,,,,,,,,,,,,,,,,,,
SS Thickness,,N/A,0.001386,0.002536,0.002881,0.003203,0.003652,0.002886,0.003751,0.003775,0.003082,0.002902,0.003068,0.003588,0.004147,0.002959,0.003791,0.002931,0.002999,0.002478,0.002829,0.002944,0.003338,0.0026,0.002964,0.003281,0.004442,0.004005,0.003183,0.003426,0.00304,0.003643,0.003229,0.003769,0.003214,0.003586,0.003029,0.003602,0.002591,0.004101,0.002988,0.002827,0.004009,0.003757,0.004297,0.002399,0.002948,0.004099,0.003807,0.002763,0.003475,0.0032,0.003151,0.003606,0.002921,0.003304,0.003664,0.003322,0.003829,0.004216,0.003019,0.00392,0.004006,0.003484,0.003755,0.003892,0.002773,0.003027,0.003686,0.003402,0.002755,0.004081,0.003845,0.003078,0.003466,0.002973,0.003366,0.003677,0.003789,0.003019,0.003592,0.003484,0.004922,0.003614,0.003884,0.003187,0.002484,0.002866,0.004041,0.001542,0.003067,0.003592,0.003391,0.003277,0.00281,0.003272,0.003584,0.003295,0.003564,0.004381,0.003236,0.00365,0.003554,0.002635,0.003202,0.002508,0.003727,0.004204,0.004155,0.003039,0.002377,0.003828,0.002687,0.003713,0.003401,0.003316,0.002877,0.004261,0.003135,0.002929,0.002945,0.004236,0.004372,0.004054,0.004234,0.003587,0.003732,0.004348,0.003094,0.004303,0.003253,0.003152,0.003518,0.003868,0.002223,0.003461,0.002618,0.003572,0.003429,0.002696,0.003915,0.003686,0.002727,0.00307,0.00383,0.002868,0.004206,0.002644,0.003231,0.002998,0.002739,0.003009,0.002631,0.002482,0.004007,0.003417,0.004328,0.003501,0.002863,0.004105,0.003531,0.004378,0.003403,0.003701,0.003228,0.003185,0.003688,,,,,,,,,,,,,,,,,,,,,,,,,,,,,,,,,,,,,,,,,,,,,,,,,,,,,,,,,,,,,,,,,,,,,,,,,,,,,,,,,,,,,,,,,,,,,,,,,,,,,,,,,,,,,,,,,,,,,,,,,,,,,,,,,,,,,,
CS Thickness,,N/A,0.002076,0.003722,0.001062,0.001246,0.002645,0.004959,0.002985,0.002112,0.000391,0.004429,0.00325,0.003649,0.001805,0.001882,0.002373,0.002078,0.003099,0.003735,0.00086,0.001398,0.001039,0.001992,0.002703,0.005012,0.003494,0.005017,0.001951,0.003568,0.002022,0.004446,0.004956,0.003164,0.003006,0.004685,0.002898,0.00242,0.004727,0.00286,0.002503,0.003427,0.004134,0.003897,0.003748,0.003711,0.002298,0.004508,0.002772,0.000227,0.002021,0.004631,0.006173,0.003898,0.002372,0.004556,0.004133,0.002856,0.002106,0.00273,0.002909,0.004181,0.001682,0.004302,0.002948,0.004389,0.003726,0.00198,0.002993,0.003025,0.004056,0.002677,0.003051,0.003474,0.003001,0.001023,0.004703,0.002557,0.001757,0.003096,0.003487,0.004596,0.002619,0.002717,0.003477,0.002615,0.004032,0.003462,0.005457,0.003781,0.004601,0.004057,0.003882,0.003308,0.003623,0.004927,0.002734,0.003896,0.004569,0.002713,0.003013,0.002642,0.004017,0.004922,0.006176,0.00266,0.00304,0.003053,0.002567,0.005491,0.004946,0.002662,0.003436,0.002794,0.004764,0.005191,0.00388,0.003358,0.002481,0.00105,0.002406,0.002672,0.003823,0.002592,0.00356,0.003293,0.002828,0.003605,0.004559,0.003059,0.003903,0.006024,0.003876,0.003745,0.004788,0.003691,0.00213,0.002097,0.002093,0.005059,0.003922,0.001892,0.004038,0.003639,0.00368,0.003147,0.004367,0.003969,0.002384,0.003178,0.003178,0.004,0.005064,0.003979,0.003043,0.002794,0.004322,0.00226,0.001936,0.003928,0.007082,0.001883,0.005903,0.002563,0.002545,0.002137,0.006147,,,,,,,,,,,,,,,,,,,,,,,,,,,,,,,,,,,,,,,,,,,,,,,,,,,,,,,,,,,,,,,,,,,,,,,,,,,,,,,,,,,,,,,,,,,,,,,,,,,,,,,,,,,,,,,,,,,,,,,,,,,,,,,,,,,,,,
TT Thickness,,N/A,0.001794,0.002951,0.00391,0.003414,0.003498,0.004981,0.004291,0.00416,0.003826,0.003647,0.002901,0.003273,0.004014,0.003225,0.00383,0.002532,0.002858,0.002813,0.00344,0.003367,0.004149,0.002897,0.00274,0.004416,0.005383,0.006251,0.003292,0.004005,0.003428,0.00556,0.003941,0.003918,0.003456,0.004965,0.002724,0.002931,0.003373,0.004053,0.003097,0.00326,0.002894,0.00507,0.005534,0.002441,0.003045,0.006452,0.00475,0.003806,0.003408,0.003532,0.004658,0.004262,0.00299,0.003138,0.005515,0.00363,0.003914,0.004159,0.002583,0.004854,0.00368,0.004253,0.003708,0.00504,0.003155,0.003386,0.003845,0.004611,0.003493,0.003926,0.004382,0.003547,0.003034,0.00306,0.003609,0.003414,0.004062,0.003588,0.003956,0.003734,0.005324,0.00334,0.002542,0.003429,0.002815,0.003047,0.006377,0.002676,0.003433,0.004812,0.003889,0.00345,0.002956,0.004718,0.00323,0.003421,0.004654,0.004664,0.002957,0.004181,0.004955,0.002691,0.002873,0.002632,0.003599,0.004337,0.004854,0.004503,0.003031,0.003721,0.002955,0.003642,0.004968,0.003653,0.003077,0.004419,0.003567,0.003716,0.003018,0.003991,0.004933,0.004375,0.005207,0.002459,0.003418,0.003984,0.004177,0.004705,0.002842,0.004492,0.005053,0.004337,0.002839,0.004244,0.003751,0.003677,0.00355,0.002778,0.004357,0.003241,0.003579,0.001894,0.004904,0.002607,0.003488,0.002777,0.003407,0.002953,0.002767,0.002599,0.002677,0.002995,0.004945,0.002976,0.005543,0.004144,0.003554,0.004841,0.005756,0.004156,0.005343,0.003353,0.00277,0.003709,0.005167,,,,,,,,,,,,,,,,,,,,,,,,,,,,,,,,,,,,,,,,,,,,,,,,,,,,,,,,,,,,,,,,,,,,,,,,,,,,,,,,,,,,,,,,,,,,,,,,,,,,,,,,,,,,,,,,,,,,,,,,,,,,,,,,,,,,,,
BB Thickness,,m,0.001189,0.002903,0.001177,0.001507,0.002466,0.001842,0.003009,0.002204,0.001016,0.002389,0.003663,0.003926,0.001739,0.001129,0.002747,0.002019,0.002792,0.002475,2.66E-05,0.001903,0.001346,0.001349,0.002233,0.002416,0.003656,0.003325,0.001765,0.002011,0.001107,0.003679,0.004164,0.002154,0.002768,0.00336,0.002518,0.002577,0.002317,0.002835,0.002585,0.002922,0.00522,0.002482,0.002261,0.002688,0.002048,0.001747,0.001972,0.00062347,0.002317,0.002542,0.004724,0.001643,0.002393,0.003803,0.003725,0.001797,0.002067,0.002718,0.003117,0.004453,0.001758,0.002413,0.003148,0.004761,0.002205,0.00086934,0.002866,0.002894,0.002528,0.002528,0.002429,0.001935,0.003363,0.001644,0.00401,0.002647,0.001512,0.002231,0.002379,0.005121,0.002346,0.002901,0.004428,0.002691,0.001857,0.002409,0.001742,0.001082,0.004073,0.003522,0.002498,0.002104,0.002091,0.002037,0.003024,0.004427,0.002257,0.002321,0.003381,0.001559,0.002505,0.003524,0.00454,0.002041,0.003325,0.001167,0.002954,0.001821,0.001775,0.002175,0.001294,0.003005,0.001357,0.003361,0.002674,0.003831,0.002522,0.001456,0.002403,0.002519,0.00051522,0.002183,0.001435,0.003843,0.003093,0.004196,0.003582,0.003085,0.004359,0.001157,0.002187,0.003623,0.001302,0.002618,0.001017,0.002423,0.002555,0.002484,0.004135,0.001972,0.002162,0.003689,0.003385,0.003441,0.005759,0.002454,0.002613,0.002275,0.002592,0.003591,0.003085,0.002745,0.003083,0.003028,0.00074074,0.001916,0.0009642,0.003806,0.002761,0.001595,0.002243,0.002672,0.00268,0.00095709,0.00079633,,,,,,,,,,,,,,,,,,,,,,,,,,,,,,,,,,,,,,,,,,,,,,,,,,,,,,,,,,,,,,,,,,,,,,,,,,,,,,,,,,,,,,,,,,,,,,,,,,,,,,,,,,,,,,,,,,,,,,,,,,,,,,,,,,,,,,
HT Thickness,,m,0.001554,0.004453,0.005726,0.005339,0.004781,0.006977,0.005213,0.004847,0.005587,0.005558,0.004033,0.005503,0.005231,0.005389,0.00427,0.004422,0.003805,0.0044,0.006539,0.004669,0.005248,0.005479,0.004362,0.006516,0.006662,0.009757,0.004942,0.00552,0.005361,0.007492,0.006953,0.005481,0.0074,0.007652,0.003961,0.003769,0.00609,0.004882,0.007071,0.004267,0.007838,0.007063,0.008711,0.00493,0.004544,0.009093,0.006188,0.005974,0.004334,0.00623,0.009209,0.006188,0.004676,0.007951,0.007471,0.005191,0.005163,0.004687,0.003748,0.007227,0.004947,0.006775,0.004108,0.007765,0.004581,0.005576,0.00483,0.005298,0.004921,0.004808,0.006217,0.005003,0.003967,0.004452,0.007279,0.004168,0.00598,0.004722,0.005315,0.007336,0.006373,0.00387,0.00723,0.005035,0.00489,0.004256,0.009804,0.01146,0.006139,0.006369,0.005104,0.004861,0.004463,0.006659,0.004441,0.00547,0.006516,0.006022,0.003848,0.006275,0.006298,0.006817,0.01222,0.005808,0.00414,0.006623,0.005194,0.007302,0.006664,0.005368,0.005433,0.004069,0.00722,0.00803,0.004877,0.005343,0.006382,0.005237,0.00469,0.00469,0.008151,0.005692,0.007848,0.009573,0.004613,0.005866,0.006029,0.005512,0.005529,0.008238,0.006469,0.006012,0.007095,0.00529,0.007334,0.004363,0.005499,0.01101,0.00621,0.004041,0.00507,0.009481,0.00668,0.003858,0.008346,0.005751,0.004158,0.004201,0.004049,0.006147,0.008051,0.004903,0.006167,0.003841,0.009184,0.005697,0.005774,0.006739,0.01067,0.005379,0.008254,0.00407,0.003664,0.005787,0.008795,,,,,,,,,,,,,,,,,,,,,,,,,,,,,,,,,,,,,,,,,,,,,,,,,,,,,,,,,,,,,,,,,,,,,,,,,,,,,,,,,,,,,,,,,,,,,,,,,,,,,,,,,,,,,,,,,,,,,,,,,,,,,,,,,,,,,,
ST Thickness,,N/A,0.005439,0.005375,0.001164,0.002647,0.00289,0.005705,0.002372,0.003273,0.001108,0.004604,0.004178,0.002378,0.002603,0.004013,0.003336,0.004894,0.003984,0.005575,0.003884,0.002882,0.000197,0.00436,0.004475,0.004248,0.000702,0.000179,0.003308,0.004007,0.003342,0.003411,0.004232,0.002985,0.000627,0.001843,0.004486,0.003356,0.005485,0.000377,0.001693,0.004889,0.001198,0.002025,0.000007,0.005524,0.003783,0.001934,0.002844,0.002188,0.002208,0.003485,0.005317,0.003994,0.003748,0.00213,0.002615,0.003016,0.001117,0.001741,0.004079,0.001164,0.00308,0.002164,0.002719,0.001281,0.004945,0.003603,0.001819,0.003862,0.004934,0.001457,0.000642,0.004643,0.003217,0.003515,0.002764,0.00247,0.000657,0.004901,0.002929,0.003329,0.000183,0.003114,0.001231,0.002036,0.005957,0.004627,0.001832,0.003875,0.005055,0.002828,0.003496,0.004017,0.004793,0.004533,0.002079,0.004188,0.003185,0.001083,0.003783,0.001644,0.003747,0.005626,0.001813,0.004394,0.002737,0.003405,0.002429,0.00499,0.005942,0.0027,0.005128,0.002993,0.004722,0.002752,0.004388,0.001133,0.000886,0.001461,0.00361,0.001432,0.002253,0.00033,0.001828,0.000529,0.001587,0.000389,0.005174,0.001286,0.004369,0.004583,0.004203,0.000644,0.005804,0.003555,0.001685,0.003927,0.001069,0.002344,0.001048,0.002472,0.00533,0.0023,0.001289,0.004484,0.000169,0.00457,0.002379,0.004284,0.005067,0.003945,0.004456,0.005673,0.00181,0.003173,0.001478,0.000831,0.003067,0.000363,0.003083,0.000545,0.004431,0.002595,0.004063,0.003012,0.003972,,,,,,,,,,,,,,,,,,,,,,,,,,,,,,,,,,,,,,,,,,,,,,,,,,,,,,,,,,,,,,,,,,,,,,,,,,,,,,,,,,,,,,,,,,,,,,,,,,,,,,,,,,,,,,,,,,,,,,,,,,,,,,,,,,,,,,
DT Thickness,,m,0.006592,0.00044722,0.002783,0.002183,0.003316,0.001083,0.003151,0.002081,0.001778,0.001874,0.00086657,0.002428,0.002668,0.000983,0.00088432,0.0001962,0.001961,0.00029873,0.00015662,0.00064714,0.001582,0.00028834,0.001132,0.002618,0.002061,0.006494,0.001992,0.002904,0.001675,0.00254,0.001447,0.003915,0.003374,0.004661,0.001427,0.00112,0.00082665,0.002273,0.001626,0.001106,0.001007,0.00511,0.007176,0.00011427,0.001381,0.005848,0.003961,0.001587,0.002263,0.002931,0.00011886,0.003182,0.00099746,0.003182,0.003143,0.003076,0.003263,0.002303,0.001067,0.002817,0.002239,0.004563,0.00156,0.002539,0.001172,0.001401,0.003878,0.001889,0.001329,0.003388,0.005177,0.001855,0.001156,0.00012195,0.002931,0.002689,0.003561,0.001334,0.003859,0.001189,0.003035,0.001993,0.00059401,0.002606,5.21E-06,0.001454,0.006257,0.00043283,0.00042872,0.003318,0.003234,0.002448,0.001234,0.002578,0.00142,0.00053467,0.003979,0.004004,0.001005,0.004472,0.003093,4.07E-05,0.003181,0.00031113,0.00107,0.003862,0.00083588,0.002179,0.00030773,0.003788,0.0007661,0.001728,0.002795,0.0034,0.001704,0.00044241,0.002749,0.00229,0.001177,0.002905,0.005616,0.004404,0.00594,0.001475,0.001806,0.00083506,0.00060686,0.002683,0.00027215,0.00309,0.00274,0.004022,0.00036338,0.003171,0.002617,0.001245,0.001005,0.003082,0.002754,0.00067157,0.0009005,7.24E-05,0.004157,0.00066255,9.30E-06,0.001372,0.002235,0.001643,0.00080352,0.001312,0.001513,0.00023551,0.00294,0.001262,0.006636,0.004056,0.001589,0.003836,0.004053,0.003133,0.002675,0.002545,0.001213,0.002355,0.004125,,,,,,,,,,,,,,,,,,,,,,,,,,,,,,,,,,,,,,,,,,,,,,,,,,,,,,,,,,,,,,,,,,,,,,,,,,,,,,,,,,,,,,,,,,,,,,,,,,,,,,,,,,,,,,,,,,,,,,,,,,,,,,,,,,,,,,
DT Length,,N/A,0.627789,0.653323,0.664213,0.666786,0.660675,0.613737,0.659215,0.675848,0.687509,0.645698,0.664347,0.680455,0.693063,0.666792,0.690574,0.677948,0.659936,0.654995,0.668327,0.681356,0.70923,0.667961,0.666311,0.633175,0.702866,0.638528,0.664642,0.635375,0.663867,0.614565,0.647021,0.643972,0.699372,0.639442,0.667226,0.699487,0.645705,0.716659,0.704204,0.64732,0.729996,0.6303,0.652168,0.670036,0.662512,0.603607,0.638639,0.659123,0.6837,0.655279,0.633489,0.632095,0.671146,0.683121,0.62409,0.660697,0.691164,0.701094,0.669926,0.683271,0.687936,0.652789,0.686755,0.677728,0.651793,0.66589,0.669792,0.632093,0.6449,0.69395,0.670391,0.643456,0.687888,0.687446,0.660559,0.682051,0.687026,0.640708,0.64465,0.669,0.723326,0.679945,0.736159,0.676823,0.654186,0.654226,0.61125,0.714699,0.652539,0.631261,0.644713,0.650117,0.658253,0.625105,0.701243,0.661456,0.631925,0.692878,0.676642,0.661983,0.620799,0.661616,0.701675,0.677118,0.694834,0.638117,0.691655,0.628178,0.656753,0.65657,0.667184,0.681328,0.616117,0.660486,0.657176,0.728036,0.694271,0.671568,0.670798,0.702748,0.635744,0.690807,0.627466,0.738513,0.703662,0.742337,0.635154,0.69616,0.67327,0.63284,0.613919,0.688008,0.669233,0.634138,0.681109,0.671833,0.716212,0.70356,0.696333,0.722307,0.641487,0.737734,0.659874,0.667032,0.764679,0.66875,0.674108,0.662336,0.655555,0.679314,0.675397,0.652611,0.662848,0.689947,0.629136,0.673261,0.665417,0.693465,0.619071,0.718937,0.616168,0.68427,0.681063,0.66416,0.62193,,,,,,,,,,,,,,,,,,,,,,,,,,,,,,,,,,,,,,,,,,,,,,,,,,,,,,,,,,,,,,,,,,,,,,,,,,,,,,,,,,,,,,,,,,,,,,,,,,,,,,,,,,,,,,,,,,,,,,,,,,,,,,,,,,,,,,
Min FS 1,Monitor Only,,2.69E-01,8.68E-01,1.72E+00,5.52E-01,4.90E-01,5.91E-01,5.19E-01,6.96E-01,1.28E+00,3.23E-01,4.52E-01,5.72E-01,1.12E+00,3.58E-01,2.02E-01,3.96E-01,2.43E-01,9.20E-02,6.85E-01,2.90E-01,6.88E-01,3.41E-01,1.66E+00,5.02E-01,5.24E-01,1.48E+00,5.60E-01,1.45E+00,6.85E-01,4.55E-01,5.93E-01,7.44E-01,6.25E-01,3.57E-01,3.33E-01,9.75E-01,2.12E-01,8.68E-01,3.70E-01,1.89E-01,6.60E-01,Simulation Eccentric Stiffness (3) fails.,1.71E-01,1.22E+00,8.06E-01,6.61E-01,8.07E-01,4.98E-01,1.62E+00,3.80E-01,5.73E-01,1.17E+00,1.09E+00,6.85E-01,1.69E+00,5.66E-01,4.97E-01,3.17E-01,5.65E-01,5.13E-01,5.73E-01,4.13E-01,5.63E-01,3.37E-01,1.25E+00,5.43E-01,5.53E-01,3.93E-01,5.74E-01,5.49E-01,4.41E-01,1.03E-01,5.40E-01,5.12E-01,5.08E-01,2.74E-01,4.28E-01,5.41E-01,4.14E-01,4.88E-01,4.33E-01,1.73E-01,1.16E+00,Simulation Eccentric Stiffness (3) fails.,3.71E-01,8.00E-01,1.78E-01,3.23E-01,6.30E-01,5.34E-01,4.86E-01,3.44E-01,1.63E+00,2.26E-01,3.19E-01,5.79E-01,6.16E-01,3.29E-01,2.22E+00,6.25E-01,3.04E-01,9.03E-01,4.31E-01,3.56E-01,6.24E-01,3.99E-01,1.43E+00,6.83E-01,5.55E-01,9.07E-01,4.26E-01,5.79E-01,1.94E+00,1.20E+00,2.86E-01,7.10E-01,9.13E-01,7.46E-01,5.43E-01,6.16E-01,2.85E-01,6.92E-01,4.18E-01,2.48E-01,1.71E-01,4.03E-01,5.46E-01,2.48E-01,1.46E+00,6.58E-01,4.89E-01,7.30E-01,5.69E-01,9.10E-01,4.13E-01,6.41E-01,1.01E+00,5.31E-01,3.07E-01,3.57E-01,3.82E-01,6.37E-01,2.83E-01,6.24E-02,1.12E+00,1.66E+00,3.82E-01,3.11E-01,3.41E-01,1.28E+00,2.35E-01,6.43E-01,3.48E-01,7.19E-01,7.51E-01,6.98E-01,4.97E-01,2.13E+00,4.68E-01,Simulation Eccentric Stiffness (3) fails.,4.90E-01,3.38E-01,1.64E+00,1.79E+00,Simulation Eccentric Stiffness (3) fails.,,,,,,,,,,,,,,,,,,,,,,,,,,,,,,,,,,,,,,,,,,,,,,,,,,,,,,,,,,,,,,,,,,,,,,,,,,,,,,,,,,,,,,,,,,,,,,,,,,,,,,,,,,,,,,,,,,,,,,,,,,,,,,,,,,,,,,
Max Stress 1,Monitor Only,,1.71E+09,3.17E+08,2.67E+08,8.34E+08,9.40E+08,7.78E+08,8.87E+08,3.95E+08,3.59E+08,1.43E+09,1.02E+09,8.04E+08,4.11E+08,1.28E+09,2.27E+09,1.16E+09,1.89E+09,5.00E+09,4.01E+08,9.48E+08,6.69E+08,1.35E+09,2.77E+08,9.16E+08,8.78E+08,3.10E+08,8.21E+08,3.18E+08,6.72E+08,1.01E+09,7.76E+08,3.70E+08,7.36E+08,1.29E+09,1.38E+09,4.72E+08,1.30E+09,3.17E+08,1.24E+09,1.46E+09,6.97E+08,Simulation Eccentric Stiffness (3) fails.,2.69E+09,3.76E+08,5.71E+08,6.96E+08,3.41E+08,9.24E+08,2.84E+08,1.21E+09,8.03E+08,3.93E+08,2.52E+08,6.71E+08,2.72E+08,8.13E+08,9.25E+08,1.45E+09,8.14E+08,8.96E+08,8.03E+08,1.11E+09,8.16E+08,1.36E+09,3.68E+08,8.48E+08,8.31E+08,1.17E+09,8.02E+08,8.38E+08,1.04E+09,4.47E+09,8.52E+08,8.99E+08,9.06E+08,1.00E+09,1.08E+09,8.51E+08,1.11E+09,9.44E+08,1.06E+09,1.60E+09,2.37E+08,Simulation Eccentric Stiffness (3) fails.,1.24E+09,5.75E+08,1.55E+09,1.42E+09,7.30E+08,8.62E+08,9.47E+08,1.34E+09,2.83E+08,1.22E+09,1.44E+09,7.94E+08,7.46E+08,1.40E+09,2.07E+08,7.36E+08,1.51E+09,3.05E+08,6.39E+08,1.29E+09,7.37E+08,1.15E+09,3.22E+08,6.74E+08,8.28E+08,5.07E+08,1.08E+09,7.94E+08,2.38E+08,3.83E+08,1.61E+09,3.87E+08,3.01E+08,3.69E+08,8.48E+08,7.47E+08,9.66E+08,6.65E+08,6.58E+08,1.11E+09,1.61E+09,1.14E+09,8.43E+08,1.85E+09,3.14E+08,6.99E+08,9.40E+08,6.30E+08,8.09E+08,3.02E+08,1.11E+09,4.29E+08,2.72E+08,8.66E+08,1.50E+09,1.29E+09,7.20E+08,7.22E+08,1.62E+09,4.41E+09,4.11E+08,2.76E+08,1.20E+09,1.48E+09,1.35E+09,3.59E+08,1.95E+09,7.15E+08,1.32E+09,6.39E+08,3.66E+08,3.94E+08,9.26E+08,2.16E+08,9.82E+08,Simulation Eccentric Stiffness (3) fails.,9.39E+08,1.36E+09,2.81E+08,2.57E+08,Simulation Eccentric Stiffness (3) fails.,,,,,,,,,,,,,,,,,,,,,,,,,,,,,,,,,,,,,,,,,,,,,,,,,,,,,,,,,,,,,,,,,,,,,,,,,,,,,,,,,,,,,,,,,,,,,,,,,,,,,,,,,,,,,,,,,,,,,,,,,,,,,,,,,,,,,,
Min FS 3,Monitor Only,,7.98E-01,8.09E-01,1.55E+00,1.57E+00,1.49E+00,1.61E+00,1.40E+00,6.15E-01,1.25E+00,9.31E-01,1.21E+00,1.52E+00,1.01E+00,4.65E-01,6.43E-01,1.16E+00,7.61E-01,4.52E-02,6.38E-01,4.42E-01,7.02E-01,1.03E+00,1.59E+00,1.23E+00,1.74E+00,1.41E+00,1.70E+00,1.31E+00,1.93E+00,1.28E+00,1.72E+00,8.04E-01,1.69E+00,1.05E+00,9.14E-01,9.77E-01,6.57E-01,7.38E-01,1.11E+00,5.33E-01,1.85E+00,Simulation Eccentric Stiffness (3) fails.,5.67E-01,1.19E+00,2.27E+00,1.87E+00,4.76E-01,1.38E+00,1.37E+00,1.16E+00,1.76E+00,1.09E+00,7.39E-01,1.87E+00,1.58E+00,1.51E+00,1.29E+00,9.23E-01,1.42E+00,1.36E+00,1.59E+00,1.11E+00,1.41E+00,1.01E+00,1.11E+00,1.49E+00,1.59E+00,1.19E+00,1.52E+00,1.62E+00,1.34E+00,2.75E-01,6.52E-01,1.38E+00,1.39E+00,7.96E-01,1.30E+00,1.57E+00,1.09E+00,1.18E+00,1.19E+00,4.41E-01,8.69E-01,Simulation Eccentric Stiffness (3) fails.,1.12E+00,2.15E+00,3.07E-01,9.04E-01,1.77E+00,1.56E+00,1.45E+00,1.04E+00,1.67E+00,6.12E-01,8.83E-01,1.68E+00,1.58E+00,9.27E-01,1.71E+00,1.84E+00,5.45E-01,7.49E-01,4.89E-01,9.50E-01,1.89E+00,1.02E+00,1.49E+00,7.37E-01,1.59E+00,7.67E-01,1.15E+00,1.29E+00,1.34E+00,1.14E+00,7.10E-01,7.84E-01,9.08E-01,6.79E-01,1.37E+00,6.51E-01,9.39E-01,1.86E+00,5.97E-01,6.61E-01,4.77E-01,1.18E+00,1.38E+00,7.11E-01,1.18E+00,1.99E+00,1.47E+00,6.06E-01,1.65E+00,6.53E-01,1.14E+00,5.44E-01,7.33E-01,1.35E+00,8.28E-01,1.06E+00,3.00E-01,1.62E+00,8.30E-01,1.67E-01,1.03E+00,1.34E+00,1.14E+00,9.44E-01,9.36E-01,1.01E+00,7.33E-01,1.67E+00,9.64E-01,1.15E+00,9.51E-01,7.26E-01,1.31E+00,1.95E+00,1.13E+00,Simulation Eccentric Stiffness (3) fails.,1.34E+00,9.56E-01,1.46E+00,8.65E-01,Simulation Eccentric Stiffness (3) fails.,,,,,,,,,,,,,,,,,,,,,,,,,,,,,,,,,,,,,,,,,,,,,,,,,,,,,,,,,,,,,,,,,,,,,,,,,,,,,,,,,,,,,,,,,,,,,,,,,,,,,,,,,,,,,,,,,,,,,,,,,,,,,,,,,,,,,,
Max Stress 3,Monitor Only,,5.77E+08,3.40E+08,2.96E+08,2.92E+08,3.09E+08,2.86E+08,3.30E+08,4.47E+08,3.67E+08,4.94E+08,3.80E+08,3.03E+08,4.58E+08,9.90E+08,7.15E+08,3.97E+08,6.05E+08,1.02E+10,4.31E+08,6.22E+08,6.55E+08,4.47E+08,2.90E+08,3.73E+08,2.64E+08,3.27E+08,2.71E+08,3.51E+08,2.39E+08,3.60E+08,2.67E+08,3.42E+08,2.72E+08,4.39E+08,5.04E+08,4.71E+08,4.18E+08,3.73E+08,4.15E+08,5.16E+08,2.49E+08,Simulation Eccentric Stiffness (3) fails.,8.11E+08,3.86E+08,2.02E+08,2.47E+08,5.78E+08,3.34E+08,3.36E+08,3.96E+08,2.61E+08,4.22E+08,3.72E+08,2.46E+08,2.91E+08,3.04E+08,3.57E+08,4.99E+08,3.23E+08,3.37E+08,2.89E+08,4.16E+08,3.26E+08,4.55E+08,4.14E+08,3.09E+08,2.89E+08,3.87E+08,3.03E+08,2.85E+08,3.43E+08,1.67E+09,7.06E+08,3.34E+08,3.32E+08,3.46E+08,3.53E+08,2.94E+08,4.21E+08,3.90E+08,3.88E+08,6.24E+08,3.17E+08,Simulation Eccentric Stiffness (3) fails.,4.11E+08,2.14E+08,8.95E+08,5.09E+08,2.60E+08,2.96E+08,3.17E+08,4.42E+08,2.75E+08,4.49E+08,5.21E+08,2.73E+08,2.91E+08,4.96E+08,2.70E+08,2.51E+08,8.44E+08,3.67E+08,5.63E+08,4.84E+08,2.44E+08,4.52E+08,3.08E+08,6.24E+08,2.90E+08,5.99E+08,3.99E+08,3.56E+08,3.44E+08,4.05E+08,6.48E+08,3.51E+08,3.03E+08,4.05E+08,3.36E+08,7.07E+08,2.93E+08,2.47E+08,4.61E+08,4.16E+08,5.77E+08,3.89E+08,3.32E+08,6.47E+08,3.91E+08,2.31E+08,3.12E+08,7.60E+08,2.78E+08,4.21E+08,4.03E+08,5.06E+08,3.75E+08,3.42E+08,5.56E+08,4.33E+08,9.17E+08,2.84E+08,5.54E+08,1.65E+09,4.49E+08,3.43E+08,4.03E+08,4.87E+08,4.92E+08,4.55E+08,6.28E+08,2.75E+08,4.77E+08,4.01E+08,2.89E+08,3.79E+08,3.50E+08,2.36E+08,4.08E+08,Simulation Eccentric Stiffness (3) fails.,3.45E+08,4.81E+08,3.15E+08,5.32E+08,Simulation Eccentric Stiffness (3) fails.,,,,,,,,,,,,,,,,,,,,,,,,,,,,,,,,,,,,,,,,,,,,,,,,,,,,,,,,,,,,,,,,,,,,,,,,,,,,,,,,,,,,,,,,,,,,,,,,,,,,,,,,,,,,,,,,,,,,,,,,,,,,,,,,,,,,,,
Mass,Monitor Only,,5.91,2.05,6.04,7.46,7.25,7.63,7.58,1.86,7.01,5.85,6.66,7.98,5.44,6.81,5.42,6.5,5.98,4.27,1.67,1.92,4.58,6.01,7.47,7.68,8.87,6.25,7.62,5.76,7.37,6.57,7.83,2.35,7.99,6.58,6.4,6.45,2.31,1.92,6.41,1.93,8.28,Simulation Eccentric Stiffness (3) fails.,5.39,5.61,8.64,8.22,1.67,6.58,7.24,6.01,7.84,5.32,2.36,7.63,7.09,7.41,7.55,5.71,7.63,7.55,8,6.83,7.53,6.62,5.68,7.56,7.11,6.68,7.82,8.11,7.12,6.16,4.64,7.01,7.16,2.57,6.86,7.73,6.24,8.64,6.88,1.76,2.21,Simulation Eccentric Stiffness (3) fails.,6.56,8.69,1.48,5.99,7.55,7.54,7.23,6.46,7.62,2.06,5.91,7.97,8.57,6.08,7.82,7.69,5.54,2.16,1.62,6.55,8.37,7.08,7.43,6.08,7.85,5.92,6.91,7.9,7.25,6.46,6.51,2.2,1.97,1.87,7.73,8.67,2.78,8.65,1.81,2.16,2.14,6.4,7.81,5.59,7.67,7.7,7.8,5.77,7.55,2.07,6.88,1.86,2.19,7.41,5.98,6.67,1.48,8.11,5.64,1.82,6.04,6.28,6.47,6.24,5.95,6.07,5.89,7.85,6.13,8.88,2.55,1.88,8.08,7.69,7.92,Simulation Eccentric Stiffness (3) fails.,7.13,6.3,6.43,8.18,Simulation Eccentric Stiffness (3) fails.,,,,,,,,,,,,,,,,,,,,,,,,,,,,,,,,,,,,,,,,,,,,,,,,,,,,,,,,,,,,,,,,,,,,,,,,,,,,,,,,,,,,,,,,,,,,,,,,,,,,,,,,,,,,,,,,,,,,,,,,,,,,,,,,,,,,,,
Dropout X Displacement,Monitor Only,,2.59E-02,-6.84E-03,-3.15E-03,9.11E-03,1.22E-02,7.94E-03,9.16E-03,-8.94E-03,-4.60E-03,1.98E-02,1.26E-02,8.21E-03,-6.27E-03,1.48E-02,3.42E-02,1.49E-02,2.96E-02,-1.07E-02,-1.74E-02,-9.61E-03,-9.55E-03,2.03E-02,-3.39E-03,8.21E-03,5.73E-03,-3.82E-03,9.81E-03,-4.42E-03,6.93E-03,1.33E-02,8.40E-03,-6.31E-03,7.47E-03,1.69E-02,1.80E-02,-6.76E-03,3.74E-02,-9.84E-03,1.70E-02,5.96E-02,6.69E-03,Simulation Eccentric Stiffness (3) fails.,4.06E-02,-5.10E-03,5.04E-03,6.53E-03,-1.02E-02,1.12E-02,-3.46E-03,1.53E-02,9.60E-03,-5.64E-03,-7.82E-03,6.46E-03,-3.21E-03,8.50E-03,9.60E-03,2.08E-02,8.34E-03,9.39E-03,8.91E-03,1.28E-02,8.22E-03,1.88E-02,-5.09E-03,8.60E-03,8.88E-03,1.64E-02,8.53E-03,7.25E-03,1.33E-02,1.79E-02,-9.21E-03,1.09E-02,1.03E-02,2.28E-02,1.38E-02,8.87E-03,1.47E-02,6.45E-03,1.23E-02,7.66E-02,-8.43E-03,Simulation Eccentric Stiffness (3) fails.,1.70E-02,6.06E-03,-2.19E-02,2.07E-02,7.65E-03,1.03E-02,1.19E-02,1.98E-02,-3.37E-03,4.99E-02,1.94E-02,8.55E-03,6.78E-03,1.86E-02,-2.26E-03,7.80E-03,-1.11E-02,-6.98E-03,-2.75E-02,1.56E-02,7.50E-03,1.19E-02,-4.05E-03,-1.05E-02,8.17E-03,-8.44E-03,1.22E-02,9.54E-03,-2.66E-03,-5.04E-03,1.76E-02,-7.32E-03,-8.10E-03,-1.54E-02,9.06E-03,7.32E-03,2.16E-02,6.16E-03,-9.52E-03,4.36E-02,5.10E-02,1.58E-02,8.22E-03,2.71E-02,-3.96E-03,7.59E-03,8.47E-03,-1.11E-02,8.93E-03,-8.06E-03,1.26E-02,-1.29E-02,-8.53E-03,9.56E-03,2.13E-02,1.84E-02,-2.36E-02,6.95E-03,2.39E-02,8.77E-02,-6.03E-03,-3.28E-03,1.67E-02,2.13E-02,1.95E-02,-5.23E-03,2.93E-02,6.92E-03,1.80E-02,6.65E-03,-5.57E-03,-1.26E-02,7.72E-03,-1.97E-03,8.06E-03,Simulation Eccentric Stiffness (3) fails.,1.07E-02,1.80E-02,-3.59E-03,-3.14E-03,Simulation Eccentric Stiffness (3) fails.,,,,,,,,,,,,,,,,,,,,,,,,,,,,,,,,,,,,,,,,,,,,,,,,,,,,,,,,,,,,,,,,,,,,,,,,,,,,,,,,,,,,,,,,,,,,,,,,,,,,,,,,,,,,,,,,,,,,,,,,,,,,,,,,,,,,,,
Dropout Y Displacement,Monitor Only,,-4.54E-02,1.21E-02,5.95E-03,-1.76E-02,-1.95E-02,-1.58E-02,-2.07E-02,1.69E-02,8.40E-03,-3.68E-02,-2.45E-02,-1.98E-02,1.07E-02,-3.48E-02,-6.20E-02,-2.75E-02,-5.29E-02,1.63E-02,3.01E-02,2.01E-02,1.48E-02,-3.61E-02,5.99E-03,-2.10E-02,-1.09E-02,7.20E-03,-1.76E-02,7.63E-03,-1.12E-02,-2.25E-02,-1.54E-02,1.33E-02,-1.33E-02,-3.33E-02,-4.04E-02,1.21E-02,-8.41E-02,1.82E-02,-3.03E-02,-1.32E-01,-1.19E-02,Simulation Eccentric Stiffness (3) fails.,-6.92E-02,8.88E-03,-8.38E-03,-1.24E-02,1.66E-02,-2.25E-02,6.45E-03,-2.29E-02,-1.69E-02,9.65E-03,1.59E-02,-1.10E-02,6.21E-03,-1.79E-02,-2.33E-02,-3.79E-02,-1.81E-02,-2.22E-02,-1.63E-02,-2.83E-02,-1.75E-02,-3.44E-02,8.82E-03,-1.69E-02,-1.58E-02,-2.90E-02,-1.92E-02,-1.41E-02,-2.46E-02,-3.72E-02,1.66E-02,-1.96E-02,-2.17E-02,-4.57E-02,-2.54E-02,-1.61E-02,-2.73E-02,-1.91E-02,-2.62E-02,-1.63E-01,1.61E-02,Simulation Eccentric Stiffness (3) fails.,-3.14E-02,-1.01E-02,3.88E-02,-3.50E-02,-1.32E-02,-1.83E-02,-2.21E-02,-3.64E-02,5.89E-03,-1.01E-01,-3.56E-02,-1.47E-02,-1.59E-02,-3.74E-02,4.38E-03,-1.31E-02,1.83E-02,1.51E-02,4.36E-02,-3.53E-02,-1.40E-02,-2.90E-02,6.99E-03,1.87E-02,-1.57E-02,1.51E-02,-2.66E-02,-1.59E-02,5.11E-03,9.44E-03,-4.75E-02,1.43E-02,1.47E-02,2.65E-02,-2.16E-02,-1.31E-02,-4.65E-02,-1.11E-02,2.34E-02,-9.06E-02,-1.37E-01,-2.56E-02,-1.97E-02,-4.98E-02,6.92E-03,-1.26E-02,-1.81E-02,1.94E-02,-1.56E-02,1.37E-02,-2.77E-02,2.62E-02,1.65E-02,-2.13E-02,-4.90E-02,-3.26E-02,4.32E-02,-1.39E-02,-4.41E-02,-2.27E-01,1.08E-02,6.41E-03,-3.05E-02,-3.98E-02,-3.52E-02,9.56E-03,-5.06E-02,-1.45E-02,-3.68E-02,-1.18E-02,1.13E-02,2.06E-02,-1.76E-02,3.44E-03,-2.02E-02,Simulation Eccentric Stiffness (3) fails.,-2.29E-02,-3.73E-02,6.55E-03,5.50E-03,Simulation Eccentric Stiffness (3) fails.,,,,,,,,,,,,,,,,,,,,,,,,,,,,,,,,,,,,,,,,,,,,,,,,,,,,,,,,,,,,,,,,,,,,,,,,,,,,,,,,,,,,,,,,,,,,,,,,,,,,,,,,,,,,,,,,,,,,,,,,,,,,,,,,,,,,,,
BB X Displacement,Monitor Only,,2.96E-02,-7.00E-03,-3.42E-03,1.09E-02,1.39E-02,9.82E-03,1.20E-02,-9.31E-03,-5.02E-03,2.32E-02,1.47E-02,1.11E-02,-6.55E-03,1.95E-02,3.95E-02,1.73E-02,3.41E-02,-1.01E-02,-1.80E-02,-1.03E-02,-9.67E-03,2.31E-02,-3.70E-03,1.16E-02,7.09E-03,-4.17E-03,1.15E-02,-4.60E-03,8.17E-03,1.52E-02,9.91E-03,-6.65E-03,8.76E-03,2.03E-02,2.27E-02,-7.39E-03,4.55E-02,-1.01E-02,1.97E-02,7.18E-02,7.94E-03,Simulation Eccentric Stiffness (3) fails.,4.57E-02,-5.39E-03,6.09E-03,8.05E-03,-9.82E-03,1.33E-02,-3.76E-03,1.73E-02,1.12E-02,-5.91E-03,-8.64E-03,7.80E-03,-3.56E-03,1.02E-02,1.27E-02,2.40E-02,1.07E-02,1.25E-02,1.03E-02,1.62E-02,1.06E-02,2.19E-02,-5.32E-03,1.02E-02,1.07E-02,1.88E-02,1.07E-02,8.54E-03,1.58E-02,2.17E-02,-9.93E-03,1.25E-02,1.26E-02,2.68E-02,1.64E-02,1.04E-02,1.74E-02,9.76E-03,1.53E-02,8.97E-02,-9.02E-03,Simulation Eccentric Stiffness (3) fails.,1.98E-02,7.16E-03,-2.01E-02,2.35E-02,9.01E-03,1.18E-02,1.40E-02,2.30E-02,-3.69E-03,5.86E-02,2.28E-02,9.87E-03,8.97E-03,2.25E-02,-2.46E-03,9.09E-03,-1.21E-02,-7.73E-03,-2.82E-02,1.98E-02,9.10E-03,1.64E-02,-4.40E-03,-1.15E-02,9.83E-03,-9.06E-03,1.54E-02,1.11E-02,-2.93E-03,-5.54E-03,2.44E-02,-7.60E-03,-8.42E-03,-1.61E-02,1.17E-02,8.64E-03,2.63E-02,7.44E-03,-1.03E-02,5.15E-02,6.85E-02,1.78E-02,1.10E-02,3.14E-02,-4.30E-03,8.92E-03,1.03E-02,-1.19E-02,1.04E-02,-8.01E-03,1.63E-02,-1.38E-02,-8.89E-03,1.20E-02,2.68E-02,2.13E-02,-2.49E-02,8.65E-03,2.79E-02,1.14E-01,-6.48E-03,-3.58E-03,1.93E-02,2.51E-02,2.21E-02,-5.66E-03,3.33E-02,8.97E-03,2.16E-02,7.92E-03,-6.07E-03,-1.28E-02,9.89E-03,-2.22E-03,1.06E-02,Simulation Eccentric Stiffness (3) fails.,1.32E-02,2.21E-02,-3.85E-03,-3.45E-03,Simulation Eccentric Stiffness (3) fails.,,,,,,,,,,,,,,,,,,,,,,,,,,,,,,,,,,,,,,,,,,,,,,,,,,,,,,,,,,,,,,,,,,,,,,,,,,,,,,,,,,,,,,,,,,,,,,,,,,,,,,,,,,,,,,,,,,,,,,,,,,,,,,,,,,,,,,
BB Y Displacement,Monitor Only,,-2.22E-02,6.86E-03,3.25E-03,-9.22E-03,-8.63E-03,-8.94E-03,-1.19E-02,9.66E-03,4.39E-03,-1.94E-02,-1.41E-02,-1.16E-02,5.47E-03,-2.07E-02,-3.06E-02,-1.38E-02,-2.52E-02,6.94E-03,1.65E-02,1.19E-02,7.30E-03,-1.77E-02,3.16E-03,-1.41E-02,-6.44E-03,3.86E-03,-8.37E-03,4.04E-03,-5.94E-03,-1.22E-02,-7.70E-03,7.95E-03,-7.36E-03,-1.69E-02,-2.29E-02,6.15E-03,-5.08E-02,1.10E-02,-1.50E-02,-8.74E-02,-6.25E-03,Simulation Eccentric Stiffness (3) fails.,-3.38E-02,4.72E-03,-4.33E-03,-6.47E-03,8.38E-03,-1.24E-02,3.62E-03,-1.22E-02,-7.88E-03,5.25E-03,9.82E-03,-6.15E-03,3.33E-03,-1.03E-02,-1.43E-02,-1.96E-02,-1.15E-02,-1.26E-02,-8.74E-03,-1.66E-02,-1.13E-02,-1.64E-02,4.57E-03,-9.31E-03,-8.20E-03,-1.41E-02,-1.13E-02,-7.94E-03,-1.16E-02,-2.10E-02,8.66E-03,-1.12E-02,-1.22E-02,-2.61E-02,-1.22E-02,-8.13E-03,-1.62E-02,-1.28E-02,-1.47E-02,-1.06E-01,9.39E-03,Simulation Eccentric Stiffness (3) fails.,-1.53E-02,-5.20E-03,1.76E-02,-1.87E-02,-7.08E-03,-9.20E-03,-1.07E-02,-1.75E-02,3.01E-03,-5.84E-02,-1.97E-02,-7.43E-03,-9.76E-03,-2.04E-02,2.46E-03,-6.46E-03,9.06E-03,9.71E-03,2.27E-02,-2.09E-02,-6.65E-03,-1.85E-02,3.52E-03,9.19E-03,-8.16E-03,7.52E-03,-1.52E-02,-7.01E-03,3.05E-03,5.05E-03,-3.19E-02,8.60E-03,8.36E-03,1.45E-02,-1.31E-02,-6.20E-03,-2.70E-02,-5.58E-03,1.37E-02,-5.31E-02,-9.20E-02,-1.30E-02,-1.24E-02,-2.78E-02,3.51E-03,-6.00E-03,-1.08E-02,9.71E-03,-7.82E-03,7.90E-03,-1.55E-02,1.59E-02,1.02E-02,-1.33E-02,-2.86E-02,-1.53E-02,2.62E-02,-8.23E-03,-2.29E-02,-1.64E-01,5.90E-03,3.66E-03,-1.50E-02,-1.94E-02,-1.97E-02,5.51E-03,-2.45E-02,-8.78E-03,-2.04E-02,-5.83E-03,6.68E-03,1.11E-02,-1.09E-02,1.94E-03,-1.25E-02,Simulation Eccentric Stiffness (3) fails.,-1.29E-02,-2.00E-02,3.45E-03,2.79E-03,Simulation Eccentric Stiffness (3) fails.,,,,,,,,,,,,,,,,,,,,,,,,,,,,,,,,,,,,,,,,,,,,,,,,,,,,,,,,,,,,,,,,,,,,,,,,,,,,,,,,,,,,,,,,,,,,,,,,,,,,,,,,,,,,,,,,,,,,,,,,,,,,,,,,,,,,,,
BB Z Displacement,Monitor Only,,1.71E-03,2.04E-03,9.12E-04,6.82E-04,1.25E-03,4.98E-04,6.39E-04,3.34E-03,1.08E-03,1.23E-03,7.10E-04,5.99E-04,1.34E-03,8.08E-04,1.84E-03,9.74E-04,1.96E-03,2.03E-03,3.54E-03,2.58E-03,1.50E-03,1.25E-03,8.79E-04,2.98E-04,2.88E-04,9.46E-04,8.10E-04,1.08E-03,5.23E-04,9.44E-04,6.50E-04,1.42E-03,4.99E-04,1.11E-03,9.85E-04,1.68E-03,1.85E-03,1.95E-03,1.21E-03,2.51E-03,4.81E-04,Simulation Eccentric Stiffness (3) fails.,2.10E-03,1.07E-03,4.48E-04,5.24E-04,3.79E-03,7.23E-04,8.34E-04,1.46E-03,8.49E-04,1.06E-03,1.97E-03,4.16E-04,8.65E-04,5.37E-04,4.98E-04,1.21E-03,3.61E-04,7.35E-04,6.12E-04,6.90E-04,3.46E-04,1.35E-03,1.22E-03,5.55E-04,6.69E-04,1.26E-03,4.94E-04,4.63E-04,1.12E-03,9.99E-04,1.94E-03,6.93E-04,6.48E-04,1.58E-03,1.14E-03,6.54E-04,8.90E-04,2.75E-04,7.45E-04,3.13E-03,1.95E-03,Simulation Eccentric Stiffness (3) fails.,1.20E-03,5.62E-04,2.61E-03,1.45E-03,5.19E-04,7.42E-04,9.59E-04,1.35E-03,8.96E-04,2.66E-03,1.29E-03,6.68E-04,3.65E-04,1.10E-03,6.03E-04,6.35E-04,2.19E-03,2.13E-03,4.06E-03,8.06E-04,7.09E-04,5.42E-04,1.13E-03,2.42E-03,6.00E-04,1.70E-03,7.01E-04,9.52E-04,7.11E-04,1.14E-03,6.28E-04,1.62E-03,2.29E-03,2.99E-03,4.96E-04,7.67E-04,1.30E-03,5.26E-04,1.86E-03,2.31E-03,1.93E-03,1.24E-03,3.83E-04,1.65E-03,1.24E-03,6.82E-04,4.20E-04,2.44E-03,6.70E-04,1.96E-03,8.84E-04,2.59E-03,2.18E-03,4.32E-04,1.12E-03,1.49E-03,3.48E-03,3.67E-04,1.43E-03,2.91E-03,1.25E-03,7.51E-04,1.11E-03,1.41E-03,1.10E-03,1.26E-03,1.99E-03,3.70E-04,1.02E-03,6.47E-04,1.50E-03,2.90E-03,3.37E-04,7.77E-04,4.88E-04,Simulation Eccentric Stiffness (3) fails.,6.63E-04,1.09E-03,9.97E-04,1.06E-03,Simulation Eccentric Stiffness (3) fails.,,,,,,,,,,,,,,,,,,,,,,,,,,,,,,,,,,,,,,,,,,,,,,,,,,,,,,,,,,,,,,,,,,,,,,,,,,,,,,,,,,,,,,,,,,,,,,,,,,,,,,,,,,,,,,,,,,,,,,,,,,,,,,,,,,,,,,
BBR Y Displacement,Monitor Only,,-7.67E-03,-9.65E-03,-3.99E-03,-3.36E-03,-2.91E-03,-3.39E-03,-4.94E-03,-1.27E-02,-4.36E-03,-7.01E-03,-5.38E-03,-4.86E-03,-5.22E-03,-8.55E-03,-1.06E-02,-4.90E-03,-8.56E-03,-6.05E-03,-1.93E-02,-1.93E-02,-7.05E-03,-6.13E-03,-3.21E-03,-6.26E-03,-2.58E-03,-4.04E-03,-2.91E-03,-4.18E-03,-2.21E-03,-4.53E-03,-2.75E-03,-1.32E-02,-2.79E-03,-5.97E-03,-8.57E-03,-5.90E-03,-2.00E-02,-1.72E-02,-5.23E-03,-3.58E-02,-2.31E-03,Simulation Eccentric Stiffness (3) fails.,-1.17E-02,-4.89E-03,-1.62E-03,-2.38E-03,-1.06E-02,-4.64E-03,-4.19E-03,-4.61E-03,-2.72E-03,-5.81E-03,-1.53E-02,-2.34E-03,-3.48E-03,-4.32E-03,-6.07E-03,-7.00E-03,-4.61E-03,-5.22E-03,-3.24E-03,-6.34E-03,-4.56E-03,-5.63E-03,-4.52E-03,-3.49E-03,-2.99E-03,-4.90E-03,-4.37E-03,-3.04E-03,-3.97E-03,-7.86E-03,-1.05E-02,-4.25E-03,-4.57E-03,-1.10E-02,-4.22E-03,-2.92E-03,-6.29E-03,-5.38E-03,-5.50E-03,-4.27E-02,-1.23E-02,Simulation Eccentric Stiffness (3) fails.,-5.29E-03,-1.94E-03,-2.61E-02,-6.82E-03,-2.63E-03,-3.28E-03,-3.73E-03,-6.01E-03,-2.85E-03,-2.22E-02,-7.32E-03,-2.68E-03,-4.21E-03,-7.50E-03,-2.87E-03,-2.31E-03,-1.03E-02,-2.02E-02,-2.44E-02,-8.03E-03,-2.33E-03,-7.92E-03,-3.28E-03,-8.50E-03,-2.96E-03,-6.86E-03,-5.78E-03,-2.38E-03,-4.25E-03,-5.30E-03,-1.38E-02,-1.31E-02,-1.15E-02,-1.62E-02,-5.55E-03,-2.19E-03,-1.06E-02,-2.03E-03,-2.76E-02,-2.04E-02,-3.80E-02,-4.61E-03,-5.37E-03,-1.03E-02,-3.34E-03,-2.11E-03,-4.24E-03,-9.31E-03,-2.79E-03,-1.12E-02,-5.80E-03,-2.58E-02,-1.84E-02,-5.32E-03,-1.16E-02,-5.21E-03,-5.24E-02,-3.21E-03,-8.14E-03,-7.11E-02,-6.46E-03,-4.46E-03,-5.23E-03,-6.70E-03,-7.39E-03,-7.09E-03,-8.42E-03,-3.45E-03,-7.57E-03,-2.12E-03,-9.05E-03,-1.22E-02,-4.38E-03,-2.46E-03,-5.35E-03,Simulation Eccentric Stiffness (3) fails.,-4.87E-03,-7.30E-03,-3.52E-03,-2.67E-03,Simulation Eccentric Stiffness (3) fails.,,,,,,,,,,,,,,,,,,,,,,,,,,,,,,,,,,,,,,,,,,,,,,,,,,,,,,,,,,,,,,,,,,,,,,,,,,,,,,,,,,,,,,,,,,,,,,,,,,,,,,,,,,,,,,,,,,,,,,,,,,,,,,,,,,,,,,
BBL Y Displacement,Monitor Only,,-7.25E-03,-8.73E-03,-3.67E-03,-3.14E-03,-2.58E-03,-3.19E-03,-4.73E-03,-1.15E-02,-4.05E-03,-6.64E-03,-5.10E-03,-4.65E-03,-4.78E-03,-8.28E-03,-1.01E-02,-4.60E-03,-8.11E-03,-2.96E-03,-1.80E-02,-1.79E-02,-6.49E-03,-5.77E-03,-2.94E-03,-6.08E-03,-2.42E-03,-3.74E-03,-2.66E-03,-3.82E-03,-2.01E-03,-4.22E-03,-2.53E-03,-1.24E-02,-2.59E-03,-5.65E-03,-8.24E-03,-5.48E-03,-1.90E-02,-1.62E-02,-4.89E-03,-3.44E-02,-2.13E-03,Simulation Eccentric Stiffness (3) fails.,-1.12E-02,-4.54E-03,-1.45E-03,-2.19E-03,-8.62E-03,-4.38E-03,-3.90E-03,-4.23E-03,-2.46E-03,-5.44E-03,-1.45E-02,-2.16E-03,-3.21E-03,-4.09E-03,-5.85E-03,-6.63E-03,-4.41E-03,-4.98E-03,-3.02E-03,-6.07E-03,-4.36E-03,-5.27E-03,-4.10E-03,-3.27E-03,-2.76E-03,-4.56E-03,-4.16E-03,-2.84E-03,-3.67E-03,-7.51E-03,-9.96E-03,-3.98E-03,-4.33E-03,-1.03E-02,-3.91E-03,-2.70E-03,-5.95E-03,-5.21E-03,-5.24E-03,-4.12E-02,-1.15E-02,Simulation Eccentric Stiffness (3) fails.,-4.95E-03,-1.74E-03,-2.44E-02,-6.43E-03,-2.43E-03,-3.03E-03,-3.45E-03,-5.64E-03,-2.57E-03,-2.12E-02,-6.93E-03,-2.45E-03,-4.04E-03,-7.15E-03,-2.65E-03,-2.10E-03,-9.80E-03,-1.90E-02,-2.30E-02,-7.73E-03,-2.11E-03,-7.69E-03,-2.96E-03,-7.94E-03,-2.76E-03,-6.38E-03,-5.52E-03,-2.09E-03,-3.97E-03,-4.96E-03,-1.35E-02,-1.23E-02,-1.06E-02,-1.52E-02,-5.33E-03,-1.76E-03,-9.95E-03,-1.84E-03,-2.63E-02,-1.94E-02,-3.68E-02,-4.28E-03,-5.18E-03,-9.89E-03,-2.95E-03,-1.89E-03,-4.03E-03,-8.65E-03,-2.56E-03,-1.03E-02,-5.52E-03,-2.46E-02,-1.74E-02,-5.09E-03,-1.13E-02,-4.83E-03,-5.08E-02,-3.03E-03,-7.74E-03,-6.92E-02,-6.07E-03,-4.18E-03,-4.91E-03,-6.32E-03,-7.01E-03,-6.69E-03,-7.96E-03,-3.28E-03,-7.22E-03,-1.82E-03,-8.42E-03,-1.10E-02,-4.19E-03,-2.20E-03,-5.12E-03,Simulation Eccentric Stiffness (3) fails.,-4.63E-03,-6.96E-03,-3.19E-03,-2.22E-03,Simulation Eccentric Stiffness (3) fails.,,,,,,,,,,,,,,,,,,,,,,,,,,,,,,,,,,,,,,,,,,,,,,,,,,,,,,,,,,,,,,,,,,,,,,,,,,,,,,,,,,,,,,,,,,,,,,,,,,,,,,,,,,,,,,,,,,,,,,,,,,,,,,,,,,,,,,
